i,t,bonus,chain,co_owned,nj_central,nj_north,nj_shore,nj_south,pa_1,pa_2,pctaff,special,state,status_1,type_1,ncalls,empft,emppt,nmgrs,wagest,inctime,firstinc,meals,open,hrsopen,psoda,pfry,pentree,nregs,nregs11
1,0,0,1,0,1,0,0,0,0,0,80.0,0.0,1,1,1,0.0,16.0,30.0,4.0,4.5,,0.25,3.0,7.0,16.0,0.93,0.83,0.85,4.0,3.0
1,1,0,1,0,1,0,0,0,0,0,80.0,0.0,1,1,1,,20.0,40.0,4.0,5.05,,,2.0,7.0,16.0,1.05,0.79,0.9,4.0,3.0
2,0,1,1,0,1,0,0,0,0,0,80.0,1.0,1,1,1,0.0,10.0,6.0,3.0,4.75,26.0,0.5,1.0,7.0,14.0,1.06,0.91,0.96,2.0,2.0
2,1,1,1,0,1,0,0,0,0,0,80.0,1.0,1,1,1,,7.5,10.0,3.0,5.25,19.0,0.38,1.0,7.0,15.0,1.05,1.01,0.94,2.0,2.0
3,0,1,2,0,1,0,0,0,0,0,50.0,0.0,1,1,1,3.0,6.0,13.0,3.0,4.25,13.0,0.25,2.0,11.0,10.0,1.06,0.95,3.09,5.0,3.0
3,1,1,2,0,1,0,0,0,0,0,50.0,0.0,1,1,1,2.0,4.0,7.0,3.0,5.05,26.0,0.25,1.0,11.0,11.0,1.05,0.94,2.75,5.0,3.0
4,0,0,3,0,1,0,0,0,0,0,50.0,0.0,1,1,1,0.0,10.0,12.0,3.0,4.75,4.0,0.25,2.0,9.0,12.5,1.06,1.0,2.13,8.0,4.0
4,1,0,3,0,1,0,0,0,0,0,50.0,0.0,1,1,1,,5.0,30.0,4.0,5.05,26.0,0.28,2.0,8.0,13.5,1.22,1.37,0.89,6.0,4.0
5,0,0,3,0,1,0,0,0,0,0,,0.0,1,1,1,0.0,5.0,30.0,4.0,4.5,13.0,0.17,1.0,6.0,17.0,0.95,,2.13,5.0,4.0
5,1,0,3,0,1,0,0,0,0,0,,0.0,1,1,1,2.0,10.0,30.0,4.0,5.15,4.0,0.18,2.0,6.0,17.0,1.05,0.94,0.94,5.0,5.0
6,0,0,3,1,1,0,0,0,0,0,100.0,0.0,1,1,1,2.0,2.0,2.0,2.0,5.0,13.0,0.25,1.0,11.0,7.0,1.2,1.17,2.35,4.0,2.0
6,1,0,3,1,1,0,0,0,0,0,100.0,0.0,1,1,1,1.0,5.0,2.0,2.0,5.05,13.0,0.15,1.0,10.0,8.0,1.11,1.01,2.23,4.0,2.0
8,0,0,4,0,1,0,0,0,0,0,,0.0,1,1,1,0.0,,25.0,4.0,4.8,,0.15,1.0,10.5,12.0,1.02,0.91,2.28,2.0,1.0
8,1,0,4,0,1,0,0,0,0,0,,0.0,1,1,1,,15.0,25.0,3.0,5.05,26.0,0.33,2.0,10.0,13.0,1.01,1.01,0.94,2.0,2.0
9,0,0,1,0,1,0,0,0,0,0,35.0,0.0,1,1,1,2.0,12.0,40.0,4.0,4.37,26.0,0.15,2.0,7.0,16.0,1.04,0.67,0.85,4.0,4.0
9,1,0,1,0,1,0,0,0,0,0,35.0,0.0,1,1,1,,0.0,32.0,4.0,5.05,26.0,0.13,2.0,7.0,16.0,1.11,0.92,1.01,4.0,3.0
10,0,0,1,0,1,0,0,0,0,0,80.0,0.0,1,1,1,0.0,15.0,20.0,4.0,4.25,39.0,0.17,2.0,7.0,16.0,1.04,0.85,0.85,3.0,3.0
10,1,0,1,0,1,0,0,0,0,0,80.0,0.0,1,1,1,,15.0,15.0,4.0,5.05,4.0,0.28,2.0,7.0,16.0,0.94,0.87,0.94,3.0,2.0
11,0,0,1,0,1,0,0,0,0,0,80.0,0.0,1,1,1,2.0,10.0,30.0,4.0,4.25,26.0,0.1,2.0,7.0,16.0,1.09,0.89,0.91,3.0,3.0
11,1,0,1,0,1,0,0,0,0,0,80.0,0.0,1,1,1,1.0,12.0,24.0,3.0,5.05,,,2.0,7.0,16.0,1.05,0.87,0.94,3.0,2.0
12,0,0,1,0,1,0,0,0,0,0,100.0,0.0,1,1,1,0.0,6.5,23.5,3.0,4.37,9.0,0.1,2.0,7.0,16.0,1.05,0.79,0.91,3.0,3.0
12,1,0,1,0,1,0,0,0,0,0,100.0,0.0,1,1,1,3.0,15.0,15.0,4.0,5.05,26.0,0.25,3.0,7.0,16.0,1.01,0.92,0.94,3.0,2.0
13,0,0,2,0,1,0,0,0,0,0,100.0,0.0,1,1,1,0.0,0.0,25.0,3.0,4.5,7.0,0.25,2.0,11.0,10.0,1.06,0.95,2.66,5.0,4.0
13,1,0,2,0,1,0,0,0,0,0,100.0,0.0,1,1,1,1.0,2.0,11.0,3.0,5.0,13.0,0.25,1.0,11.0,11.0,1.01,0.94,2.75,4.0,3.0
14,0,0,2,0,1,0,0,0,0,0,0.0,1.0,1,1,1,0.0,10.0,8.0,2.0,5.12,6.0,0.25,3.0,11.0,11.0,1.06,0.85,2.49,6.0,5.0
14,1,0,2,0,1,0,0,0,0,0,0.0,1.0,1,1,1,,4.0,17.0,3.0,5.05,13.0,0.25,2.0,11.0,11.0,1.05,0.94,2.6,6.0,3.0
15,0,1,3,0,1,0,0,0,0,0,95.0,0.0,1,1,2,3.0,3.0,25.0,4.0,4.6,9.0,0.15,2.0,6.0,17.0,1.02,0.98,0.95,5.0,4.0
15,1,1,3,0,1,0,0,0,0,0,95.0,0.0,1,1,2,5.0,5.0,20.0,3.0,5.05,,0.25,2.0,6.0,17.0,1.05,1.01,2.0,3.0,3.0
16,0,0,3,0,1,0,0,0,0,0,50.0,0.0,1,1,1,0.0,6.0,22.0,4.0,4.5,13.0,0.25,2.0,6.0,17.0,1.0,1.0,,5.0,5.0
16,1,0,3,0,1,0,0,0,0,0,50.0,0.0,1,1,1,,7.0,17.0,3.0,5.05,19.0,0.25,2.0,6.0,17.0,1.05,1.01,0.94,5.0,5.0
17,0,0,3,0,1,0,0,0,0,0,60.0,0.0,1,1,1,0.0,0.0,20.0,4.0,4.37,13.0,0.25,2.0,6.0,17.0,1.06,1.0,2.02,6.0,5.0
17,1,0,3,0,1,0,0,0,0,0,60.0,0.0,1,1,1,1.0,4.0,35.0,4.0,5.05,13.0,0.2,2.0,6.0,17.0,1.05,0.94,0.95,6.0,5.0
18,0,0,3,0,1,0,0,0,0,0,50.0,1.0,1,1,1,2.0,15.0,25.0,3.0,4.25,13.0,,2.0,6.0,17.0,,,,4.0,4.0
18,1,0,3,0,1,0,0,0,0,0,50.0,1.0,1,1,1,,8.0,38.0,5.0,5.05,,0.25,2.0,6.0,17.0,1.05,1.0,0.63,7.0,7.0
19,0,0,1,0,0,0,0,1,0,0,50.0,0.0,1,1,1,3.0,4.0,31.0,4.0,4.25,4.0,0.25,2.0,6.0,16.0,1.05,0.91,0.93,3.0,3.0
19,1,0,1,0,0,0,0,1,0,0,50.0,0.0,1,1,1,,6.0,44.0,5.0,5.05,52.0,0.3,2.0,6.0,16.0,1.04,0.93,0.95,2.0,2.0
21,0,0,2,0,0,0,0,1,0,0,90.0,0.0,1,1,1,0.0,5.0,12.0,3.0,4.45,6.0,0.1,2.0,10.5,10.5,1.06,0.8,2.13,3.0,3.0
21,1,0,2,0,0,0,0,1,0,0,90.0,0.0,1,1,1,1.0,0.0,11.0,2.0,5.05,,,2.0,11.0,10.0,0.94,0.94,2.43,3.0,3.0
22,0,0,3,0,0,0,0,1,0,0,90.0,0.0,1,1,1,2.0,3.0,15.0,4.0,4.35,26.0,0.12,2.0,7.0,16.0,1.06,0.84,0.95,4.0,1.0
22,1,0,3,0,0,0,0,1,0,0,90.0,0.0,1,1,1,,3.0,15.0,2.0,5.05,19.0,0.13,2.0,7.0,15.0,1.05,1.05,0.94,4.0,4.0
23,0,0,1,0,0,1,0,0,0,0,75.0,0.0,1,1,1,2.0,0.0,25.0,3.0,4.5,26.0,0.12,2.0,7.0,16.0,1.06,0.95,0.95,3.0,2.0
23,1,0,1,0,0,1,0,0,0,0,75.0,0.0,1,1,1,1.0,14.0,14.0,3.0,5.05,,,1.0,6.5,16.5,1.05,0.94,0.94,3.0,2.0
24,0,1,1,0,1,0,0,0,0,0,40.0,0.0,1,1,2,2.0,15.0,15.0,4.0,4.75,13.0,0.25,2.0,7.0,16.0,1.06,0.95,1.01,4.0,3.0
24,1,1,1,0,1,0,0,0,0,0,40.0,0.0,1,1,2,3.0,15.0,20.0,4.0,5.05,52.0,0.15,2.0,,,1.05,0.94,1.0,4.0,3.0
26,0,1,1,0,0,1,0,0,0,0,,0.0,1,1,1,3.0,30.0,15.0,4.0,5.56,6.0,,2.0,7.0,16.0,1.06,0.91,0.98,4.0,2.0
26,1,1,1,0,0,1,0,0,0,0,,0.0,1,1,1,2.0,10.0,20.0,4.0,5.05,,,2.0,7.0,16.0,1.01,0.94,0.94,5.0,4.0
27,0,0,2,1,1,0,0,0,0,0,0.0,0.0,1,1,1,2.0,4.0,10.0,4.0,5.0,,0.37,1.0,11.0,10.0,1.06,0.85,2.34,4.0,3.0
27,1,0,2,1,1,0,0,0,0,0,0.0,0.0,1,1,1,,0.0,7.0,4.0,5.05,26.0,0.25,1.0,11.0,10.0,1.05,0.84,2.53,4.0,3.0
28,0,0,2,0,0,1,0,0,0,0,10.0,0.0,1,1,1,6.0,0.0,14.0,1.0,4.5,,0.25,2.0,11.0,10.0,1.06,1.17,2.56,2.0,1.0
28,1,0,2,0,0,1,0,0,0,0,10.0,0.0,1,1,1,3.0,6.0,2.0,3.0,,,,1.0,11.0,10.0,,1.05,2.64,3.0,2.0
29,0,0,2,0,0,1,0,0,0,0,,0.0,1,1,1,3.0,0.0,7.0,2.0,4.5,4.0,0.25,2.0,11.0,11.0,1.06,1.01,2.56,3.0,2.0
29,1,0,2,0,0,1,0,0,0,0,,0.0,1,1,1,,0.0,13.0,3.0,5.05,26.0,0.25,1.0,11.0,11.0,1.05,1.05,2.64,3.0,3.0
30,0,0,2,0,0,1,0,0,0,0,0.0,1.0,1,1,1,4.0,6.0,4.0,2.0,5.0,13.0,0.37,1.0,11.0,10.0,1.06,1.06,2.53,2.0,2.0
30,1,0,2,0,0,1,0,0,0,0,0.0,1.0,1,1,1,,4.0,3.0,2.0,5.05,19.0,0.25,1.0,11.0,10.0,0.94,0.92,2.69,2.0,2.0
31,0,0,2,0,1,0,0,0,0,0,0.0,0.0,1,1,1,2.0,4.0,16.0,3.0,5.25,13.0,0.15,2.0,11.0,11.0,1.03,1.06,2.56,4.0,3.0
31,1,0,2,0,1,0,0,0,0,0,0.0,0.0,1,1,1,3.0,6.0,15.0,5.0,5.05,26.0,0.25,1.0,10.5,12.5,1.0,1.05,2.64,4.0,4.0
32,0,0,3,0,0,1,0,0,0,0,40.0,0.0,1,1,1,0.0,10.0,20.5,3.0,4.5,26.0,0.25,2.0,10.5,11.5,1.12,1.02,1.06,4.0,3.0
32,1,0,3,0,0,1,0,0,0,0,40.0,0.0,1,1,1,1.0,2.0,25.0,3.0,5.05,26.0,0.23,2.0,10.5,11.5,1.22,1.11,2.28,4.0,4.0
33,0,0,3,0,0,1,0,0,0,0,7.0,0.0,1,1,1,0.0,12.0,20.0,4.0,5.0,26.0,0.25,2.0,6.0,17.0,1.02,1.07,0.95,5.0,4.0
33,1,0,3,0,0,1,0,0,0,0,7.0,0.0,1,1,1,,6.0,11.0,5.0,5.05,,0.2,2.0,6.0,17.0,1.11,1.06,1.05,4.0,2.0
34,0,0,3,1,0,1,0,0,0,0,75.0,0.0,1,1,1,0.0,5.0,15.0,3.0,4.95,26.0,,2.0,10.5,11.5,1.12,1.02,1.06,5.0,3.0
34,1,0,3,1,0,1,0,0,0,0,75.0,0.0,1,1,1,,11.0,7.0,3.0,5.05,26.0,0.5,2.0,10.5,11.5,1.22,1.11,0.73,5.0,2.0
35,0,1,4,0,0,1,0,0,0,0,,0.0,1,1,1,2.0,25.0,6.5,4.0,4.5,9.0,0.25,2.0,10.5,11.5,0.96,0.95,2.13,2.0,2.0
35,1,1,4,0,0,1,0,0,0,0,,0.0,1,1,1,6.0,13.0,18.0,3.0,5.05,13.0,0.25,2.0,10.5,11.5,1.03,,,2.0,2.0
36,0,1,4,0,1,0,0,0,0,0,0.0,1.0,1,1,1,0.0,8.0,12.0,4.0,5.5,30.0,0.17,2.0,10.5,13.0,1.02,0.91,2.57,2.0,2.0
36,1,1,4,0,1,0,0,0,0,0,0.0,1.0,1,1,1,,10.0,35.0,6.0,5.05,26.0,0.15,2.0,10.5,12.5,0.95,0.89,1.19,2.0,2.0
37,0,0,1,0,0,0,0,0,1,0,33.0,0.0,0,1,1,2.0,21.0,9.0,7.0,4.25,4.0,0.25,2.0,6.5,16.5,0.98,0.84,0.84,5.0,3.0
37,1,0,1,0,0,0,0,0,1,0,33.0,0.0,0,1,1,,6.0,25.0,7.0,4.25,52.0,0.18,2.0,6.5,16.5,0.98,0.84,0.86,6.0,3.0
38,0,0,1,0,1,0,0,0,0,0,100.0,0.0,1,1,1,0.0,15.0,20.0,5.0,4.25,17.0,0.15,2.0,6.0,17.0,1.05,0.95,0.98,3.0,2.0
38,1,0,1,0,1,0,0,0,0,0,100.0,0.0,1,1,1,,10.0,20.0,6.0,5.05,,0.25,3.0,6.5,17.5,0.98,0.82,0.76,3.0,2.0
39,0,0,1,0,0,0,0,0,1,0,100.0,0.0,0,1,1,0.0,1.0,32.0,2.0,4.25,8.0,,2.0,6.5,17.5,1.03,0.73,0.52,4.0,2.0
39,1,0,1,0,0,0,0,0,1,0,100.0,0.0,0,1,1,,5.0,15.0,3.0,,,,2.0,6.5,16.5,1.05,,0.63,4.0,2.0
40,0,0,1,0,0,0,0,0,1,0,100.0,0.0,0,1,1,0.0,10.0,20.0,7.0,4.25,4.0,0.15,2.0,6.5,16.5,0.98,0.82,0.8,3.0,3.0
40,1,0,1,0,0,0,0,0,1,0,100.0,0.0,0,1,1,,7.0,25.0,6.0,4.25,8.0,0.13,2.0,6.5,17.5,0.98,0.82,0.87,3.0,2.0
41,0,0,1,0,0,0,0,0,1,0,100.0,0.0,0,1,1,0.0,0.0,27.0,6.0,4.25,18.0,0.2,2.0,6.5,16.5,0.98,0.82,0.85,3.0,3.0
41,1,0,1,0,0,0,0,0,1,0,100.0,0.0,0,1,1,2.0,0.0,42.0,6.0,4.25,,,2.0,6.5,17.5,0.94,0.78,0.91,3.0,2.0
42,0,0,1,0,0,0,0,0,1,0,100.0,0.0,0,1,1,2.0,17.0,4.0,5.0,4.5,,,2.0,6.5,16.5,0.98,0.83,0.86,3.0,3.0
42,1,0,1,0,0,0,0,0,1,0,100.0,0.0,0,1,1,1.0,0.0,22.0,5.0,4.25,26.0,0.25,2.0,6.5,16.5,0.94,,,3.0,2.0
45,0,0,1,0,0,0,0,0,1,0,25.0,0.0,0,1,1,0.0,0.0,24.0,6.0,4.25,2.0,0.25,2.0,7.0,16.0,0.98,0.83,0.86,3.0,3.0
45,1,0,1,0,0,0,0,0,1,0,25.0,0.0,0,1,1,,11.0,12.0,2.0,4.25,26.0,0.15,3.0,6.5,17.5,0.98,0.75,0.86,3.0,3.0
46,0,1,1,0,0,0,0,0,1,0,,1.0,0,1,1,0.0,30.0,15.0,3.0,,19.0,,2.0,6.5,16.5,1.03,1.03,0.52,3.0,3.0
46,1,1,1,0,0,0,0,0,1,0,,1.0,0,1,1,1.0,3.5,35.0,3.0,4.3,26.0,0.08,2.0,6.5,16.5,1.03,,0.94,4.0,4.0
47,0,0,1,0,0,0,0,0,1,0,75.0,0.0,0,1,1,2.0,25.0,15.0,,4.5,4.0,0.17,2.0,6.0,17.0,1.05,0.86,0.86,3.0,3.0
47,1,0,1,0,0,0,0,0,1,0,75.0,0.0,0,1,1,,0.0,45.0,2.0,4.25,,,2.0,6.0,18.0,1.05,0.86,0.86,3.0,
48,0,1,1,0,0,0,0,0,1,0,31.0,1.0,0,1,1,0.0,6.0,20.0,3.0,4.25,13.0,0.2,3.0,7.0,14.0,1.01,0.84,0.63,4.0,3.0
48,1,1,1,0,0,0,0,0,1,0,31.0,1.0,0,1,1,,7.5,25.0,5.0,4.38,13.0,0.25,3.0,7.0,14.0,0.98,0.79,0.87,4.0,3.0
49,0,0,2,0,0,0,0,0,1,0,,0.0,0,1,1,0.0,6.5,6.5,4.0,,26.0,,2.0,10.0,13.0,1.01,0.9,2.35,4.0,3.0
49,1,0,2,0,0,0,0,0,1,0,,0.0,0,1,1,,0.0,15.0,4.0,4.45,13.0,0.05,2.0,10.0,13.0,1.01,0.89,2.35,4.0,4.0
50,0,0,2,0,0,0,0,0,1,0,20.0,0.0,0,1,1,0.0,6.0,10.0,3.0,4.5,13.0,,2.0,10.0,12.0,1.01,0.89,3.5,4.0,3.0
50,1,0,2,0,0,0,0,0,1,0,20.0,0.0,0,1,1,,4.0,20.0,3.0,4.75,13.0,0.1,2.0,10.0,13.0,1.01,0.89,2.35,4.0,3.0
51,0,0,2,0,0,0,0,0,1,0,100.0,0.0,0,1,1,1.0,0.0,15.0,3.0,4.25,,0.15,2.0,10.0,13.0,1.01,0.89,2.35,4.0,3.0
51,1,0,2,0,0,0,0,0,1,0,100.0,0.0,0,1,1,2.0,6.0,15.0,3.0,4.25,,,2.0,10.0,13.0,1.0,0.89,2.35,5.0,3.0
56,0,1,4,1,0,0,0,0,1,0,0.0,0.0,0,1,1,0.0,20.0,20.0,4.0,5.0,26.0,0.1,2.0,10.0,12.0,0.87,0.82,1.79,2.0,2.0
56,1,1,4,1,0,0,0,0,1,0,0.0,0.0,0,1,1,,0.0,36.0,2.0,5.25,26.0,0.15,2.0,10.0,12.0,0.92,0.79,0.87,2.0,2.0
57,0,1,4,1,0,0,0,0,1,0,70.0,1.0,0,1,1,0.0,30.0,10.0,3.0,4.67,26.0,0.07,2.0,10.0,12.0,0.87,0.79,0.9,2.0,2.0
57,1,1,4,1,0,0,0,0,1,0,70.0,1.0,0,1,1,1.0,7.0,18.0,4.0,4.5,26.0,0.13,2.0,10.0,12.0,1.01,0.78,0.9,2.0,2.0
58,0,0,4,1,0,0,0,0,1,0,80.0,1.0,0,1,1,2.0,8.0,25.0,3.0,4.75,26.0,0.15,2.0,10.0,12.0,0.87,0.77,1.01,2.0,2.0
58,1,0,4,1,0,0,0,0,1,0,80.0,1.0,0,1,1,2.0,0.0,28.0,4.0,4.5,26.0,0.08,2.0,10.0,12.0,1.04,0.84,0.94,2.0,2.0
59,0,0,4,0,0,0,0,0,1,0,90.0,0.0,0,1,1,3.0,0.0,15.0,3.0,4.25,26.0,0.1,1.0,7.5,10.5,0.91,0.89,0.81,2.0,2.0
59,1,0,4,0,0,0,0,0,1,0,90.0,0.0,0,1,1,1.0,0.0,16.0,4.0,4.25,26.0,0.1,1.0,7.5,10.5,1.01,0.84,0.86,2.0,2.0
60,0,0,4,0,0,0,0,0,1,0,75.0,0.0,0,1,1,0.0,10.0,20.0,5.0,4.25,4.0,0.1,1.0,10.5,11.5,0.94,0.74,0.86,2.0,2.0
60,1,0,4,0,0,0,0,0,1,0,75.0,0.0,0,1,1,2.0,10.0,20.0,5.0,4.25,4.0,0.25,1.0,10.0,12.0,0.98,0.84,0.86,2.0,2.0
61,0,1,4,1,0,0,0,0,1,0,0.0,0.0,0,1,1,0.0,6.0,26.0,5.0,5.5,52.0,0.15,3.0,10.0,12.0,0.87,0.77,1.65,2.0,2.0
61,1,1,4,1,0,0,0,0,1,0,0.0,0.0,0,1,1,,28.0,3.0,6.0,4.75,13.0,0.15,2.0,10.0,12.0,1.01,0.84,0.95,2.0,2.0
62,0,0,4,1,0,0,0,0,1,0,45.0,0.0,0,1,1,2.0,0.0,31.0,5.0,5.0,26.0,0.07,2.0,10.0,12.0,0.87,0.77,0.95,2.0,2.0
62,1,0,4,1,0,0,0,0,1,0,45.0,0.0,0,1,1,,,,,,26.0,,2.0,10.0,12.0,,0.84,1.79,3.0,3.0
63,0,0,1,1,0,1,0,0,0,0,75.0,0.0,1,1,1,1.0,26.0,6.0,,4.25,26.0,,2.0,6.0,18.0,1.1,0.97,1.17,4.0,3.0
63,1,0,1,1,0,1,0,0,0,0,75.0,0.0,1,1,1,1.0,15.0,10.0,4.0,5.05,26.0,0.1,2.0,7.0,18.0,1.11,1.01,1.09,4.0,3.0
64,0,0,1,0,0,1,0,0,0,0,60.0,0.0,1,1,1,1.0,20.0,15.0,3.0,4.5,26.0,0.2,3.0,7.0,16.0,1.06,0.95,0.95,3.0,2.0
64,1,0,1,0,0,1,0,0,0,0,60.0,0.0,1,1,1,,13.0,13.0,3.0,5.05,26.0,0.25,2.0,7.0,16.0,1.05,0.95,0.95,3.0,3.0
65,0,0,1,0,0,1,0,0,0,0,90.0,,1,2,2,5.0,0.0,20.0,4.0,4.8,52.0,0.25,2.0,6.5,15.5,1.06,0.85,1.11,3.0,3.0
65,1,0,1,0,0,1,0,0,0,0,90.0,,1,2,2,3.0,,,3.0,5.05,,,,,,,,,,
66,0,0,1,0,0,1,0,0,0,0,20.0,1.0,1,1,1,0.0,15.0,18.0,3.0,4.25,26.0,0.15,2.0,7.0,17.0,1.06,0.95,0.95,3.0,2.0
66,1,0,1,0,0,1,0,0,0,0,20.0,1.0,1,1,1,,26.0,10.0,4.0,5.05,26.0,0.25,1.0,7.0,17.0,1.05,0.95,0.95,3.0,3.0
67,0,0,1,0,0,1,0,0,0,0,55.0,0.0,1,1,1,0.0,5.0,15.0,6.0,4.5,13.0,0.25,1.0,8.0,13.5,1.17,1.06,1.17,3.0,2.0
67,1,0,1,0,0,1,0,0,0,0,55.0,0.0,1,1,1,,4.0,17.5,5.0,5.05,,,1.0,8.0,13.5,1.32,1.05,1.22,3.0,3.0
68,0,0,1,0,0,1,0,0,0,0,,0.0,1,1,1,1.0,30.0,10.0,3.0,4.25,14.0,0.05,3.0,7.0,17.0,1.07,1.02,1.02,3.0,3.0
68,1,0,1,0,0,1,0,0,0,0,,0.0,1,1,1,,13.0,17.0,3.0,5.05,13.0,0.28,3.0,7.0,17.0,1.05,0.95,0.95,3.0,1.0
69,0,0,1,0,0,1,0,0,0,0,100.0,0.0,1,1,1,0.0,0.0,27.0,3.0,4.25,13.0,0.22,2.0,7.0,18.0,1.17,0.95,0.95,4.0,2.0
69,1,0,1,0,0,1,0,0,0,0,100.0,0.0,1,1,1,,0.0,27.0,3.0,5.05,13.0,0.2,2.0,7.0,18.0,1.26,1.01,1.0,4.0,2.0
70,0,0,1,0,0,1,0,0,0,0,50.0,,1,1,1,0.0,35.0,20.0,5.0,4.5,13.0,0.27,1.0,7.0,16.0,1.06,0.95,1.02,3.0,3.0
70,1,0,1,0,0,1,0,0,0,0,50.0,,1,1,1,,10.0,30.0,5.0,5.05,4.0,0.23,1.0,7.0,16.0,1.05,0.95,1.01,3.0,3.0
71,0,0,1,0,0,1,0,0,0,0,100.0,1.0,1,1,1,1.0,0.0,35.0,3.0,4.75,13.0,0.25,3.0,7.0,17.0,1.06,0.95,0.95,3.0,2.0
71,1,0,1,0,0,1,0,0,0,0,100.0,1.0,1,1,1,,29.0,14.0,3.0,5.05,26.0,0.18,3.0,7.0,17.0,1.05,0.95,0.95,3.0,2.0
73,0,0,2,0,0,1,0,0,0,0,40.0,0.0,1,1,1,1.0,0.0,7.0,3.0,4.25,,0.75,3.0,11.0,12.0,1.06,1.06,2.45,3.0,2.0
73,1,0,2,0,0,1,0,0,0,0,40.0,0.0,1,1,1,2.0,14.0,0.0,3.0,5.05,4.0,0.05,2.0,11.0,11.0,1.05,1.05,2.43,3.0,
75,0,0,2,0,0,1,0,0,0,0,0.0,1.0,1,1,1,0.0,3.0,15.0,3.0,4.25,4.0,0.25,2.0,11.0,11.0,1.17,1.27,2.77,3.0,3.0
75,1,0,2,0,0,1,0,0,0,0,0.0,1.0,1,1,1,,4.0,11.0,3.0,5.05,6.0,0.25,2.0,11.0,11.0,1.16,1.16,2.75,3.0,3.0
76,0,0,3,1,0,1,0,0,0,0,50.0,1.0,1,1,1,0.0,8.0,32.0,4.0,4.25,26.0,0.2,2.0,6.0,17.0,1.12,1.02,1.02,6.0,3.0
76,1,0,3,1,0,1,0,0,0,0,50.0,1.0,1,1,1,,25.0,15.0,6.0,5.05,13.0,0.15,2.0,6.5,16.5,1.11,1.06,1.05,6.0,3.0
77,0,0,3,0,0,1,0,0,0,0,100.0,0.0,1,1,1,0.0,6.0,50.0,4.0,5.0,4.0,0.15,2.0,6.0,19.0,1.18,1.07,1.17,6.0,5.0
77,1,0,3,0,0,1,0,0,0,0,100.0,0.0,1,1,1,4.0,4.0,60.0,3.0,5.05,52.0,0.15,2.0,6.0,19.0,1.06,1.06,1.05,6.0,2.0
78,0,0,3,1,0,1,0,0,0,0,0.0,0.0,1,1,1,0.0,13.0,10.0,3.0,5.0,26.0,0.15,2.0,6.0,17.0,1.12,1.02,1.02,4.0,2.0
78,1,0,3,1,0,1,0,0,0,0,0.0,0.0,1,1,1,,10.0,12.0,2.0,5.05,26.0,0.1,2.0,7.0,16.0,1.11,1.01,1.05,5.0,3.0
79,0,0,3,1,0,1,0,0,0,0,30.0,0.0,1,1,1,4.0,6.0,25.0,3.0,4.5,26.0,0.15,2.0,6.0,17.0,1.17,1.02,1.06,5.0,4.0
79,1,0,3,1,0,1,0,0,0,0,30.0,0.0,1,1,1,,8.0,18.0,3.0,5.05,41.0,0.13,2.0,7.0,16.0,1.11,1.06,1.05,5.0,4.0
80,0,0,4,0,0,1,0,0,0,0,90.0,0.0,1,1,1,1.0,4.5,20.0,,4.25,26.0,0.25,2.0,10.5,11.5,1.06,0.98,1.06,2.0,2.0
80,1,0,4,0,0,1,0,0,0,0,90.0,0.0,1,1,1,2.0,11.0,14.0,3.0,5.05,13.0,0.1,2.0,10.5,12.5,1.12,0.98,0.99,2.0,1.0
81,0,0,4,0,0,1,0,0,0,0,95.0,1.0,1,1,2,4.0,25.0,13.0,3.0,5.0,26.0,0.1,2.0,10.0,12.0,1.06,0.98,1.06,2.0,2.0
81,1,0,4,0,0,1,0,0,0,0,95.0,1.0,1,1,2,3.0,0.0,45.0,4.0,5.05,,,2.0,10.5,11.5,1.11,0.98,2.07,2.0,1.0
82,0,1,4,0,0,1,0,0,0,0,0.0,1.0,1,1,1,6.0,8.0,14.5,3.0,5.0,13.0,0.37,2.0,10.5,13.5,1.06,1.03,1.06,2.0,2.0
82,1,1,4,0,0,1,0,0,0,0,0.0,1.0,1,1,1,,25.0,8.0,4.0,5.05,13.0,0.18,2.0,10.5,13.5,1.11,0.98,1.05,2.0,2.0
83,0,0,4,0,0,1,0,0,0,0,11.0,0.0,1,1,1,2.0,12.5,20.0,2.0,5.0,13.0,0.25,2.0,10.5,13.5,1.06,0.98,2.13,2.0,2.0
83,1,0,4,0,0,1,0,0,0,0,11.0,0.0,1,1,1,2.0,,,4.0,5.05,26.0,0.5,2.0,10.0,14.0,1.11,0.89,0.99,2.0,2.0
84,0,0,1,0,1,0,0,0,0,0,50.0,0.0,1,1,1,3.0,4.0,30.0,5.0,4.5,26.0,0.15,2.0,7.0,16.0,1.04,0.85,0.91,4.0,2.0
84,1,0,1,0,1,0,0,0,0,0,50.0,0.0,1,1,1,,12.0,30.0,5.0,5.05,52.0,0.2,2.0,7.0,16.0,1.05,0.9,0.94,3.0,3.0
85,0,0,1,0,1,0,1,0,0,0,1.0,0.0,1,1,1,3.0,7.0,20.0,3.0,5.5,26.0,0.52,1.0,9.0,12.5,1.12,1.02,1.02,5.0,4.0
85,1,0,1,0,1,0,1,0,0,0,1.0,0.0,1,1,1,,0.0,35.0,3.0,5.05,26.0,0.18,1.0,9.0,12.5,1.11,1.01,1.05,5.0,1.0
86,0,0,1,0,1,0,0,0,0,0,,0.0,1,1,1,1.0,11.0,11.0,4.0,4.25,13.0,0.25,3.0,7.0,15.0,1.06,0.94,1.1,3.0,3.0
86,1,0,1,0,1,0,0,0,0,0,,0.0,1,1,1,,9.0,12.0,4.0,5.05,4.0,0.13,3.0,7.0,15.0,1.05,1.05,1.04,3.0,3.0
87,0,0,1,0,1,0,1,0,0,0,,0.0,1,1,1,0.0,0.0,15.0,,4.5,26.0,,2.0,7.0,15.0,1.06,0.86,1.02,3.0,3.0
87,1,0,1,0,1,0,1,0,0,0,,0.0,1,1,1,,0.0,30.0,5.0,5.05,41.0,0.18,3.0,7.0,15.0,1.0,0.99,1.04,3.0,3.0
88,0,1,1,0,0,0,0,1,0,0,75.0,0.0,1,1,2,0.0,3.0,35.0,3.0,4.25,,,3.0,7.0,15.0,1.06,0.87,0.91,5.0,5.0
88,1,1,1,0,0,0,0,1,0,0,75.0,0.0,1,1,2,2.0,4.0,37.0,4.0,5.05,42.0,0.18,2.0,7.0,15.0,1.05,0.87,0.94,5.0,2.0
89,0,0,1,1,1,0,0,0,0,0,0.0,0.0,1,1,1,2.0,10.0,6.0,3.0,5.0,13.0,0.17,2.0,7.0,16.0,1.09,0.95,1.04,3.0,2.0
89,1,0,1,1,1,0,0,0,0,0,0.0,0.0,1,1,1,,6.0,25.0,6.0,5.5,4.0,0.63,2.0,7.0,16.0,1.11,1.01,1.05,3.0,3.0
91,0,0,1,1,1,0,1,0,0,0,100.0,0.0,1,1,1,2.0,8.0,22.0,4.0,4.25,8.0,0.15,2.0,7.0,17.0,1.09,0.93,1.04,3.0,3.0
91,1,0,1,1,1,0,1,0,0,0,100.0,0.0,1,1,1,1.0,0.0,30.0,4.0,5.05,26.0,0.18,1.0,7.0,17.0,1.11,1.05,1.05,3.0,3.0
92,0,0,1,1,1,0,1,0,0,0,100.0,0.0,1,1,1,0.0,4.0,18.0,4.0,4.25,13.0,0.75,2.0,7.0,15.0,1.09,0.95,1.03,3.0,3.0
92,1,0,1,1,1,0,1,0,0,0,100.0,0.0,1,1,1,,14.0,6.0,3.0,5.05,,0.25,2.0,7.0,15.0,1.11,1.01,1.05,3.0,3.0
93,0,0,1,1,0,1,0,0,0,0,90.0,0.0,1,1,1,0.0,2.5,30.0,3.0,4.25,52.0,0.15,2.0,7.0,16.0,,,0.96,,
93,1,0,1,1,0,1,0,0,0,0,90.0,0.0,1,1,1,,5.0,25.0,5.0,5.05,13.0,0.15,2.0,7.0,16.0,1.11,1.05,1.05,4.0,3.0
94,0,0,2,0,1,0,0,0,0,0,0.0,0.0,1,1,1,2.0,0.0,25.0,5.0,5.0,26.0,0.25,3.0,11.0,10.0,1.06,0.8,2.56,,
94,1,0,2,0,1,0,0,0,0,0,0.0,0.0,1,1,1,,2.0,20.0,4.0,5.05,52.0,0.25,1.0,11.0,10.0,1.05,0.79,2.53,3.0,
95,0,0,2,0,1,0,0,0,0,0,40.0,0.0,1,1,1,1.0,18.0,3.0,4.0,4.25,26.0,0.27,1.0,11.0,10.0,1.06,0.8,2.56,4.0,3.0
95,1,0,2,0,1,0,0,0,0,0,40.0,0.0,1,1,1,,0.0,14.0,3.0,5.05,13.0,0.25,1.0,11.0,10.0,1.05,0.75,2.53,3.0,3.0
96,0,0,2,0,0,1,0,0,0,0,80.0,0.0,1,1,1,2.0,0.0,15.0,2.0,4.25,26.0,0.12,2.0,11.5,10.0,1.06,1.01,2.66,3.0,2.0
96,1,0,2,0,0,1,0,0,0,0,80.0,0.0,1,1,1,3.0,0.0,15.0,5.0,5.05,26.0,0.15,2.0,11.5,10.5,1.05,0.94,2.59,4.0,0.0
97,0,1,2,0,1,0,0,0,0,0,58.0,0.0,1,1,1,2.0,0.0,12.0,4.0,4.25,13.0,0.25,2.0,11.0,10.0,1.02,0.75,2.56,3.0,2.0
97,1,1,2,0,1,0,0,0,0,0,58.0,0.0,1,1,1,,2.5,11.0,3.0,5.05,13.0,0.3,2.0,11.0,10.0,1.05,0.8,2.54,3.0,2.0
98,0,0,2,0,1,0,1,0,0,0,80.0,0.0,1,1,1,0.0,0.0,20.0,4.0,4.25,13.0,0.4,3.0,11.0,10.0,1.06,0.8,2.56,3.0,3.0
98,1,0,2,0,1,0,1,0,0,0,80.0,0.0,1,1,1,,3.0,13.0,3.0,5.05,13.0,0.45,1.0,11.0,10.0,1.05,0.9,2.53,3.0,3.0
99,0,0,3,1,1,0,1,0,0,0,50.0,1.0,1,1,2,0.0,60.0,40.0,5.0,4.75,26.0,0.15,2.0,0.0,24.0,1.23,,2.3,8.0,6.0
99,1,0,3,1,1,0,1,0,0,0,50.0,1.0,1,1,2,6.0,30.0,50.0,4.0,5.05,15.0,0.25,2.0,0.0,24.0,1.22,1.17,2.32,5.0,2.0
101,0,0,3,0,1,0,1,0,0,0,80.0,0.0,1,1,1,3.0,4.5,15.0,3.0,4.75,26.0,0.15,2.0,7.0,15.0,1.2,1.18,1.06,6.0,4.0
101,1,0,3,0,1,0,1,0,0,0,80.0,0.0,1,1,1,,10.0,12.0,3.0,5.05,26.0,0.15,2.0,7.0,15.0,1.15,1.1,1.05,8.0,3.0
102,0,0,3,0,0,0,0,1,0,0,15.0,0.0,1,1,1,2.0,12.0,13.0,3.0,4.4,52.0,0.2,2.0,7.0,16.0,1.06,0.91,1.07,6.0,4.0
102,1,0,3,0,0,0,0,1,0,0,15.0,0.0,1,1,1,,0.0,27.0,2.0,5.05,52.0,0.25,2.0,7.0,15.0,1.07,1.01,1.05,5.0,5.0
103,0,0,4,0,0,1,0,0,0,0,50.0,0.0,1,1,1,2.0,12.5,10.0,3.0,5.0,26.0,0.27,2.0,10.5,11.5,0.91,0.85,0.95,2.0,2.0
103,1,0,4,0,0,1,0,0,0,0,50.0,0.0,1,1,1,2.0,,,2.0,5.05,13.0,,2.0,10.5,12.5,1.05,0.84,1.26,2.0,2.0
104,0,1,4,0,1,0,1,0,0,0,50.0,1.0,1,1,1,0.0,40.0,20.0,3.0,4.62,4.0,0.32,2.0,10.5,11.5,0.95,0.84,0.94,2.0,2.0
104,1,1,4,0,1,0,1,0,0,0,50.0,1.0,1,1,1,1.0,11.0,10.0,3.0,5.05,26.0,0.08,2.0,10.5,12.5,1.0,0.84,0.94,2.0,2.0
105,0,0,1,0,0,1,0,0,0,0,50.0,0.0,1,1,1,2.0,0.0,40.0,4.0,4.25,10.0,,2.0,6.5,16.5,0.96,1.0,1.03,4.0,2.0
105,1,0,1,0,0,1,0,0,0,0,50.0,0.0,1,1,1,,0.0,45.0,4.0,5.05,13.0,0.25,2.0,6.5,16.5,1.05,0.99,1.16,4.0,3.0
106,0,0,1,0,0,1,0,0,0,0,65.0,0.0,1,1,1,0.0,0.0,35.0,3.0,4.25,26.0,0.27,3.0,7.0,16.0,1.06,0.95,0.95,2.0,1.0
106,1,0,1,0,0,1,0,0,0,0,65.0,0.0,1,1,1,,2.0,25.0,3.0,5.05,26.0,0.2,0.0,7.0,16.0,1.05,0.95,0.95,2.0,2.0
107,0,0,1,1,0,1,0,0,0,0,40.0,0.0,1,1,2,0.0,6.0,11.0,3.0,4.25,8.0,0.32,1.0,8.0,14.5,1.17,0.95,0.95,3.0,3.0
107,1,0,1,1,0,1,0,0,0,0,40.0,0.0,1,1,2,9.0,13.5,10.0,2.0,5.05,,,1.0,8.0,14.0,,1.01,1.0,4.0,2.0
108,0,1,1,0,0,1,0,0,0,0,6.0,0.0,1,1,1,2.0,13.5,15.0,4.0,4.25,26.0,0.37,1.0,7.0,17.0,1.27,1.01,1.06,3.0,3.0
108,1,1,1,0,0,1,0,0,0,0,6.0,0.0,1,1,1,,11.0,24.0,5.0,5.05,26.0,0.15,1.0,7.0,17.0,1.37,1.02,1.05,3.0,3.0
111,0,0,3,0,0,1,0,0,0,0,55.0,0.0,1,1,1,0.0,17.0,14.0,3.0,4.25,2.0,0.42,3.0,7.0,16.0,1.17,1.06,1.01,5.0,5.0
111,1,0,3,0,0,1,0,0,0,0,55.0,0.0,1,1,1,1.0,20.0,14.5,3.0,5.05,26.0,,2.0,7.0,16.0,1.16,1.16,1.0,5.0,4.0
112,0,0,4,0,0,1,0,0,0,0,80.0,0.0,1,1,2,0.0,4.0,26.0,3.0,5.0,13.0,0.2,2.0,10.0,14.0,1.06,0.98,1.06,2.0,2.0
112,1,0,4,0,0,1,0,0,0,0,80.0,0.0,1,1,2,9.0,5.0,25.0,6.0,5.05,28.0,0.18,2.0,10.5,12.5,1.11,1.09,2.07,,
113,0,1,1,0,1,0,0,0,0,0,,1.0,1,1,1,0.0,0.0,22.0,4.0,,,,2.0,7.0,16.0,1.06,0.95,1.0,4.0,
113,1,1,1,0,1,0,0,0,0,0,,1.0,1,1,1,,2.0,40.0,5.0,5.05,26.0,0.28,2.0,7.0,16.0,1.05,0.9,0.98,3.0,2.0
114,0,1,1,0,1,0,0,0,0,0,50.0,0.0,1,1,1,2.0,0.0,35.0,5.0,4.75,26.0,0.57,2.0,7.0,16.0,1.07,0.95,0.95,3.0,
114,1,1,1,0,1,0,0,0,0,0,50.0,0.0,1,1,1,1.0,20.0,40.0,4.0,5.25,26.0,0.25,2.0,6.5,16.5,1.11,0.94,0.94,3.0,3.0
115,0,0,1,0,1,0,0,0,0,0,25.0,,1,1,1,0.0,20.0,25.0,4.0,4.75,4.0,0.3,1.0,7.0,17.0,1.06,0.95,1.06,4.0,3.0
115,1,0,1,0,1,0,0,0,0,0,25.0,,1,1,1,,6.0,15.0,4.0,5.05,,,1.0,7.0,17.0,1.05,0.95,1.01,4.0,4.0
116,0,0,1,0,1,0,0,0,0,0,90.0,1.0,1,1,1,0.0,4.0,22.5,2.0,4.25,18.0,0.37,2.0,8.5,13.0,1.49,1.02,1.11,7.0,3.0
116,1,0,1,0,1,0,0,0,0,0,90.0,1.0,1,1,1,,22.0,12.0,3.0,5.05,13.0,0.45,2.0,8.5,13.0,1.39,0.95,1.21,8.0,2.0
118,0,0,1,0,0,1,0,0,0,0,70.0,0.0,1,1,1,3.0,10.0,15.0,4.0,4.25,26.0,0.15,2.0,7.0,15.0,1.06,0.95,1.01,4.0,2.0
118,1,0,1,0,0,1,0,0,0,0,70.0,0.0,1,1,1,,18.0,20.0,3.0,5.05,26.0,0.38,2.0,7.0,15.0,1.05,0.94,1.0,4.0,2.0
119,0,1,1,0,0,1,0,0,0,0,50.0,0.0,1,1,1,2.0,12.0,19.0,3.0,4.75,13.0,0.27,3.0,6.5,16.5,1.06,0.91,0.95,3.0,3.0
119,1,1,1,0,0,1,0,0,0,0,50.0,0.0,1,1,1,1.0,18.0,13.0,4.0,5.05,26.0,,3.0,6.5,17.5,1.05,0.89,0.95,3.0,3.0
120,0,0,1,1,1,0,0,0,0,0,,0.0,1,1,1,3.0,0.0,32.0,3.0,4.5,,,2.0,7.0,16.0,1.13,0.98,1.04,3.0,2.0
120,1,0,1,1,1,0,0,0,0,0,,0.0,1,1,1,3.0,0.0,30.0,4.0,5.05,,,2.0,7.0,16.0,1.05,1.05,1.05,3.0,2.0
122,0,0,1,0,0,1,0,0,0,0,70.0,0.0,1,1,1,0.0,1.0,38.0,5.0,4.25,4.0,0.2,1.0,9.0,12.5,,1.12,1.12,5.0,3.0
122,1,0,1,0,0,1,0,0,0,0,70.0,0.0,1,1,1,,10.0,50.0,6.0,5.05,26.0,0.1,1.0,9.0,12.5,1.15,0.94,1.15,6.0,4.0
123,0,0,1,0,1,0,0,0,0,0,28.0,0.0,1,1,1,0.0,0.0,20.0,5.0,,13.0,,2.0,7.0,14.5,1.06,0.95,1.01,2.0,1.0
123,1,0,1,0,1,0,0,0,0,0,28.0,0.0,1,1,1,,5.0,25.0,4.0,5.05,26.0,0.15,3.0,7.5,14.0,1.05,0.94,1.0,3.0,2.0
124,0,0,1,0,1,0,0,0,0,0,14.0,1.0,1,1,1,1.0,8.0,10.0,3.0,4.25,13.0,0.25,2.0,8.0,15.0,1.06,0.91,1.04,2.0,2.0
124,1,0,1,0,1,0,0,0,0,0,14.0,1.0,1,1,1,,21.0,6.0,4.0,5.05,13.0,0.5,3.0,7.0,15.0,1.16,0.94,1.12,2.0,2.0
125,0,0,2,0,1,0,0,0,0,0,100.0,0.0,1,1,1,0.0,15.0,0.0,4.0,4.5,26.0,0.25,1.0,10.0,12.5,0.91,0.85,2.34,3.0,2.0
125,1,0,2,0,1,0,0,0,0,0,100.0,0.0,1,1,1,,0.0,15.0,2.0,5.05,52.0,0.4,1.0,10.0,12.0,1.01,1.01,2.49,4.0,3.0
128,0,0,2,1,1,0,0,0,0,0,,0.0,1,1,1,3.0,6.5,7.5,2.0,5.0,,0.15,2.0,11.0,11.0,1.06,0.85,2.34,4.0,2.0
128,1,0,2,1,1,0,0,0,0,0,,0.0,1,1,1,1.0,3.0,16.0,2.0,5.05,26.0,0.25,1.0,11.0,11.0,1.05,0.79,2.32,3.0,2.0
129,0,0,3,0,1,0,0,0,0,0,0.0,0.0,1,1,1,3.0,20.0,20.0,3.0,5.25,26.0,0.05,2.0,6.0,16.0,1.1,1.0,0.74,6.0,4.0
129,1,0,3,0,1,0,0,0,0,0,0.0,0.0,1,1,1,,7.0,18.0,4.0,5.05,52.0,0.25,2.0,6.0,16.0,1.11,1.0,0.89,4.0,3.0
130,0,0,3,1,1,0,0,0,0,0,15.0,0.0,1,1,2,2.0,7.0,25.5,3.0,4.5,19.0,0.3,2.0,5.0,18.0,1.12,1.07,1.0,4.0,3.0
130,1,0,3,1,1,0,0,0,0,0,15.0,0.0,1,1,2,6.0,2.0,38.0,4.0,5.05,4.0,0.15,2.0,7.0,16.0,1.11,1.06,1.05,5.0,3.0
131,0,1,3,0,1,0,0,0,0,0,10.0,0.0,1,1,2,2.0,15.0,25.0,4.0,5.5,4.0,0.37,2.0,6.0,17.0,1.06,1.06,1.06,5.0,2.0
131,1,1,3,0,1,0,0,0,0,0,10.0,0.0,1,1,2,2.0,8.0,22.0,3.0,5.05,,,2.0,7.0,15.0,1.05,1.11,1.05,5.0,4.0
132,0,0,3,1,1,0,0,0,0,0,80.0,0.0,1,1,1,0.0,20.0,20.0,5.0,4.5,26.0,0.25,2.0,0.0,24.0,1.28,1.06,2.3,5.0,3.0
132,1,0,3,1,1,0,0,0,0,0,80.0,0.0,1,1,1,,15.0,20.0,3.0,5.5,52.0,0.25,2.0,7.0,14.0,,,,2.0,2.0
133,0,0,3,1,1,0,0,0,0,0,99.0,0.0,1,1,1,0.0,6.0,16.0,2.0,4.75,26.0,,2.0,6.0,17.0,1.12,1.07,1.06,4.0,3.0
133,1,0,3,1,1,0,0,0,0,0,99.0,0.0,1,1,1,,3.0,20.0,3.0,5.05,26.0,,2.0,7.0,15.0,1.11,1.06,2.11,5.0,3.0
134,0,0,3,0,1,0,0,0,0,0,42.0,0.0,1,1,1,2.0,5.5,25.0,3.0,4.62,,,2.0,6.0,16.0,1.09,,0.95,4.0,3.0
134,1,0,3,0,1,0,0,0,0,0,42.0,0.0,1,1,1,,6.0,27.5,3.0,5.05,52.0,0.25,2.0,6.0,16.0,1.11,1.06,0.94,4.0,3.0
135,0,0,3,0,1,0,0,0,0,0,,0.0,1,1,1,0.0,10.0,20.0,4.0,,26.0,,0.0,9.0,12.5,,,,5.0,3.0
135,1,0,3,0,1,0,0,0,0,0,,0.0,1,1,1,,8.0,24.0,3.0,5.05,,0.25,2.0,10.0,11.5,1.16,1.06,1.05,5.0,3.0
136,0,0,3,1,1,0,0,0,0,0,5.0,,1,0,2,2.0,14.5,14.5,5.0,4.25,21.0,0.27,2.0,6.0,17.0,1.12,1.07,1.1,5.0,4.0
136,1,0,3,1,1,0,0,0,0,0,5.0,,1,0,2,3.0,,,,,,,,7.0,16.0,,,,,
137,0,0,3,1,0,1,0,0,0,0,50.0,0.0,1,1,1,3.0,15.0,25.0,3.0,4.25,26.0,0.15,2.0,6.0,16.0,1.12,1.06,1.02,6.0,4.0
137,1,0,3,1,0,1,0,0,0,0,50.0,0.0,1,1,1,1.0,12.0,30.0,5.0,5.05,26.0,0.25,2.0,7.0,15.0,1.11,1.11,1.05,5.0,3.0
138,0,1,3,1,0,1,0,0,0,0,,0.0,1,1,1,0.0,4.5,25.5,2.0,,,,2.0,10.0,11.5,1.12,1.07,1.06,6.0,
138,1,1,3,1,0,1,0,0,0,0,,0.0,1,1,1,,2.0,33.0,3.0,5.05,26.0,0.2,2.0,10.0,11.5,1.21,1.01,0.94,6.0,4.0
139,0,0,4,0,1,0,0,0,0,0,,1.0,1,1,1,0.0,,,2.0,5.5,,,2.0,10.5,12.5,0.95,0.95,1.06,2.0,1.0
139,1,0,4,0,1,0,0,0,0,0,,1.0,1,1,1,,11.0,25.0,5.0,5.5,19.0,0.25,2.0,11.0,12.0,,,,,
140,0,1,4,0,1,0,0,0,0,0,25.0,1.0,1,1,1,0.0,0.0,40.0,3.0,4.5,26.0,0.37,2.0,10.5,11.5,0.91,0.86,1.06,2.0,2.0
140,1,1,4,0,1,0,0,0,0,0,25.0,1.0,1,1,1,,5.0,35.0,5.0,5.67,4.0,0.25,2.0,10.5,11.5,1.0,0.94,1.05,2.0,2.0
141,0,1,4,0,1,0,0,0,0,0,,1.0,1,1,1,0.0,10.0,15.0,4.0,4.75,13.0,0.27,2.0,10.5,12.5,1.02,0.91,1.06,2.0,2.0
141,1,1,4,0,1,0,0,0,0,0,,1.0,1,1,1,2.0,10.0,25.0,3.0,5.05,13.0,0.18,2.0,10.5,12.5,1.05,0.84,1.34,2.0,2.0
142,0,1,4,0,0,1,0,0,0,0,,0.0,1,1,1,0.0,15.0,35.0,4.0,4.25,26.0,0.15,2.0,10.0,11.5,1.06,0.95,1.06,2.0,2.0
142,1,1,4,0,0,1,0,0,0,0,,0.0,1,1,1,,40.0,31.0,5.0,5.05,26.0,0.18,2.0,10.0,11.5,1.01,0.89,1.26,2.0,2.0
143,0,1,4,0,1,0,0,0,0,0,15.0,,1,4,2,3.0,0.0,30.0,3.0,5.37,26.0,0.25,2.0,10.5,11.5,0.95,0.95,1.06,2.0,2.0
143,1,1,4,0,1,0,0,0,0,0,15.0,,1,4,2,2.0,,,,,,,,,,,,,,
144,0,1,4,0,1,0,0,0,0,0,0.0,1.0,1,1,1,2.0,10.0,30.0,3.0,5.05,26.0,0.15,2.0,10.5,12.5,0.91,0.85,1.06,2.0,2.0
144,1,1,4,0,1,0,0,0,0,0,0.0,1.0,1,1,1,1.0,4.0,37.0,3.0,5.05,26.0,0.35,2.0,10.5,12.5,0.94,0.94,1.26,2.0,2.0
145,0,1,1,0,0,1,0,0,0,0,0.0,1.0,1,1,1,0.0,5.0,17.0,3.0,5.0,13.0,0.15,2.0,7.0,16.0,1.06,0.95,0.95,3.0,2.0
145,1,1,1,0,0,1,0,0,0,0,0.0,1.0,1,1,1,,10.0,8.0,4.0,5.28,26.0,0.13,2.0,7.0,16.0,1.05,0.96,0.95,3.0,2.0
146,0,1,1,0,0,1,0,0,0,0,,0.0,1,1,1,3.0,8.0,20.0,5.0,4.8,26.0,0.25,2.0,7.0,16.0,1.06,1.0,1.06,4.0,3.0
146,1,1,1,0,0,1,0,0,0,0,,0.0,1,1,1,,0.0,32.0,4.5,5.05,26.0,0.17,2.0,7.0,16.0,1.05,0.99,1.05,4.0,3.0
147,0,0,1,0,0,1,0,0,0,0,100.0,0.0,1,1,1,0.0,8.5,6.5,3.0,5.12,8.0,0.25,2.0,7.0,14.0,1.12,0.89,0.95,2.0,2.0
147,1,0,1,0,0,1,0,0,0,0,100.0,0.0,1,1,1,1.0,6.0,0.0,3.0,5.25,13.0,0.38,2.0,7.0,14.0,1.13,0.91,0.91,2.0,2.0
148,0,1,1,0,0,1,0,0,0,0,0.0,1.0,1,1,1,4.0,4.5,30.0,4.0,5.25,26.0,0.17,2.0,7.0,17.0,1.06,0.95,0.95,3.0,2.0
148,1,1,1,0,0,1,0,0,0,0,0.0,1.0,1,1,1,,7.5,30.0,4.0,5.05,26.0,0.2,2.0,7.0,17.0,1.05,0.94,0.94,3.0,3.0
149,0,0,1,0,0,1,0,0,0,0,50.0,0.0,1,1,1,1.0,0.0,20.0,4.0,4.5,26.0,0.27,3.0,7.0,16.0,1.06,0.95,0.95,2.0,1.0
149,1,0,1,0,0,1,0,0,0,0,50.0,0.0,1,1,1,,8.0,10.0,3.0,5.05,26.0,0.25,2.0,7.0,16.0,1.05,0.94,0.94,2.0,2.0
150,0,1,1,0,0,1,0,0,0,0,2.0,0.0,1,1,2,2.0,0.0,27.5,3.5,4.67,26.0,0.27,2.0,7.0,16.0,1.23,0.89,0.89,3.0,3.0
150,1,1,1,0,0,1,0,0,0,0,2.0,0.0,1,1,2,8.0,12.0,20.0,3.0,5.75,28.0,0.58,2.0,7.0,15.0,1.11,0.88,0.88,3.0,2.0
151,0,0,1,0,0,1,0,0,0,0,92.0,,1,3,2,0.0,1.0,12.0,3.0,5.0,12.0,0.1,2.0,7.0,15.0,1.09,0.81,1.04,3.0,3.0
151,1,0,1,0,0,1,0,0,0,0,92.0,,1,3,2,2.0,0.0,0.0,0.0,,,,,,,,,,,
152,0,1,1,0,0,1,0,0,0,0,10.0,0.0,1,1,1,0.0,35.0,15.0,4.0,5.12,9.0,0.67,1.0,7.0,15.0,1.17,0.95,1.02,3.0,2.0
152,1,1,1,0,0,1,0,0,0,0,10.0,0.0,1,1,1,,12.0,13.5,5.0,5.05,13.0,0.28,2.0,7.0,15.0,1.16,0.94,0.94,3.0,3.0
153,0,0,1,0,0,1,0,0,0,0,33.0,0.0,1,1,1,0.0,0.0,25.0,9.0,,52.0,0.15,1.0,7.0,17.0,1.0,0.95,0.89,4.0,3.0
153,1,0,1,0,0,1,0,0,0,0,33.0,0.0,1,1,1,,26.5,10.0,3.0,5.05,26.0,0.15,2.0,7.0,17.0,1.05,0.95,0.95,3.0,2.0
156,0,0,1,0,0,1,0,0,0,0,0.0,0.0,1,1,1,0.0,8.0,15.0,3.0,4.87,6.0,0.25,1.0,7.0,15.0,1.06,0.95,1.02,8.0,3.0
156,1,0,1,0,0,1,0,0,0,0,0.0,0.0,1,1,1,,2.0,18.0,2.0,5.05,,0.3,2.0,7.0,15.0,0.95,0.94,1.01,3.0,
157,0,0,2,0,0,1,0,0,0,0,0.0,0.0,1,1,1,0.0,10.0,5.0,3.0,5.0,26.0,0.25,1.0,10.5,12.0,0.91,0.85,2.34,3.0,3.0
157,1,0,2,0,0,1,0,0,0,0,0.0,0.0,1,1,1,2.0,12.0,8.0,2.0,5.5,26.0,0.25,1.0,10.5,11.0,0.95,0.83,2.47,2.0,2.0
158,0,0,2,0,0,1,0,0,0,0,55.0,0.0,1,1,1,1.0,2.0,7.0,3.0,4.5,4.0,0.12,1.0,11.0,10.0,0.92,0.7,2.34,3.0,3.0
158,1,0,2,0,0,1,0,0,0,0,55.0,0.0,1,1,1,,3.0,4.0,4.0,5.05,13.0,0.25,1.0,11.0,11.5,0.95,0.94,2.49,3.0,2.0
159,0,0,2,0,0,1,0,0,0,0,22.0,0.0,1,1,1,8.0,6.0,12.0,2.0,4.5,4.0,0.12,1.0,10.5,10.5,0.98,0.85,2.34,3.0,3.0
159,1,0,2,0,0,1,0,0,0,0,22.0,0.0,1,1,1,,10.0,5.0,4.0,5.25,13.0,0.25,1.0,10.5,11.5,0.95,0.84,2.49,4.0,3.0
161,0,0,3,1,0,1,0,0,0,0,2.0,0.0,1,1,1,0.0,8.0,25.0,4.0,5.0,19.0,0.15,2.0,6.0,17.0,1.12,1.02,1.06,7.0,3.0
161,1,0,3,1,0,1,0,0,0,0,2.0,0.0,1,1,1,4.0,26.0,12.0,4.0,5.05,,,2.0,6.0,17.0,1.11,1.06,1.05,7.0,5.0
162,0,0,3,1,0,1,0,0,0,0,45.0,0.0,1,1,1,2.0,0.0,40.0,3.0,4.75,26.0,0.17,2.0,6.0,16.5,1.12,1.02,1.06,,1.0
162,1,0,3,1,0,1,0,0,0,0,45.0,0.0,1,1,1,,3.0,30.0,3.0,5.05,26.0,0.18,2.0,7.0,15.5,1.11,1.01,1.05,6.0,5.0
163,0,0,3,1,0,1,0,0,0,0,11.0,0.0,1,1,1,0.0,12.0,18.0,3.0,5.0,13.0,0.15,2.0,6.0,16.5,1.2,1.07,1.06,3.0,3.0
163,1,0,3,1,0,1,0,0,0,0,11.0,0.0,1,1,1,,1.5,33.0,3.0,5.05,26.0,0.15,2.0,7.0,15.0,,,,,
164,0,0,3,1,0,1,0,0,0,0,3.0,0.0,1,1,1,0.0,4.0,30.0,4.0,5.0,26.0,0.1,2.0,5.0,19.0,1.12,1.02,1.06,5.0,3.0
164,1,0,3,1,0,1,0,0,0,0,3.0,0.0,1,1,1,,5.0,15.0,3.0,5.05,52.0,0.15,2.0,6.0,17.0,1.11,1.06,1.05,5.0,3.0
165,0,1,4,0,0,1,0,0,0,0,60.0,0.0,1,1,1,1.0,20.0,10.0,3.0,5.0,15.0,0.27,2.0,10.5,12.5,1.06,0.89,1.06,3.0,2.0
165,1,1,4,0,0,1,0,0,0,0,60.0,0.0,1,1,1,1.0,10.0,17.0,4.0,5.05,14.0,0.13,2.0,10.5,12.5,1.05,0.98,1.05,2.0,2.0
166,0,1,4,0,0,1,0,0,0,0,40.0,0.0,1,1,1,0.0,8.0,32.0,5.0,4.75,26.0,0.25,2.0,10.5,11.5,0.95,0.85,1.06,2.0,2.0
166,1,1,4,0,0,1,0,0,0,0,40.0,0.0,1,1,1,1.0,0.0,35.0,4.0,5.05,26.0,0.18,2.0,10.5,12.5,1.11,0.84,1.26,2.0,2.0
168,0,1,1,0,0,1,0,0,0,0,50.0,0.0,1,1,1,0.0,5.0,20.0,4.0,4.25,4.0,0.25,1.0,7.0,15.0,1.06,0.95,0.95,3.0,3.0
168,1,1,1,0,0,1,0,0,0,0,50.0,0.0,1,1,1,,0.0,32.0,4.0,5.25,10.0,0.18,1.0,6.0,16.0,1.11,0.95,1.14,3.0,1.0
169,0,0,1,1,0,1,0,0,0,0,50.0,0.0,1,1,1,0.0,12.0,33.0,4.0,5.0,13.0,0.25,2.0,7.0,16.0,1.1,0.94,1.04,3.0,3.0
169,1,0,1,1,0,1,0,0,0,0,50.0,0.0,1,1,1,,20.0,6.0,4.0,5.05,52.0,0.15,2.0,7.0,16.0,1.11,1.05,1.05,3.0,3.0
170,0,0,1,1,0,1,0,0,0,0,0.0,0.0,1,1,1,1.0,10.0,20.0,3.0,5.0,52.0,0.52,2.0,7.0,16.0,1.1,1.02,1.08,3.0,2.0
170,1,0,1,1,0,1,0,0,0,0,0.0,0.0,1,1,1,,20.0,20.0,4.0,5.05,4.0,,1.0,7.0,16.0,1.29,1.11,1.18,4.0,4.0
171,0,0,1,1,0,1,1,0,0,0,,1.0,1,1,1,0.0,2.0,32.0,3.0,4.25,8.0,0.25,2.0,7.0,16.0,1.09,0.95,1.04,3.0,3.0
171,1,0,1,1,0,1,1,0,0,0,,1.0,1,1,1,,10.0,12.5,5.0,5.05,4.0,0.1,2.0,7.0,16.0,1.18,1.04,1.03,3.0,3.0
172,0,0,1,0,0,1,0,0,0,0,0.3,0.0,1,1,1,0.0,0.0,24.0,5.0,4.75,13.0,0.25,1.0,9.0,12.5,1.12,1.02,1.06,5.0,4.0
172,1,0,1,0,0,1,0,0,0,0,0.3,0.0,1,1,1,2.0,7.0,23.0,3.0,5.05,8.0,0.18,1.0,9.0,13.0,1.11,1.01,1.05,6.0,3.0
173,0,0,1,0,0,1,0,0,0,0,50.0,0.0,1,1,1,3.0,6.0,40.0,10.0,4.85,26.0,0.15,2.0,6.5,17.5,1.06,0.95,0.98,4.0,3.0
173,1,0,1,0,0,1,0,0,0,0,50.0,0.0,1,1,1,1.0,11.0,30.0,5.0,5.05,26.0,0.15,2.0,6.0,18.0,1.05,0.94,1.04,4.0,3.0
174,0,0,1,0,0,1,1,0,0,0,50.0,0.0,1,1,1,2.0,11.0,20.0,4.0,4.75,26.0,0.15,2.0,7.0,16.0,1.18,0.88,0.98,4.0,3.0
174,1,0,1,0,0,1,1,0,0,0,50.0,0.0,1,1,1,,20.0,20.0,3.0,5.05,4.0,0.2,2.0,7.0,16.0,1.05,0.9,0.98,3.0,3.0
176,0,0,1,0,0,1,0,0,0,0,20.0,0.0,1,1,1,0.0,15.0,21.0,4.0,4.62,13.0,0.12,1.0,7.0,16.0,1.06,,1.05,4.0,4.0
176,1,0,1,0,0,1,0,0,0,0,20.0,0.0,1,1,1,1.0,20.0,27.5,4.0,5.05,,,2.0,7.0,16.0,1.04,1.06,,,
178,0,1,2,1,0,1,1,0,0,0,96.0,1.0,1,1,1,0.0,13.0,12.0,3.0,4.25,52.0,0.2,1.0,11.0,10.0,0.91,0.85,2.34,3.0,2.0
178,1,1,2,1,0,1,1,0,0,0,96.0,1.0,1,1,1,,1.0,10.0,3.0,5.05,26.0,0.25,1.0,11.0,10.5,1.01,0.94,2.64,3.0,2.0
179,0,1,2,0,0,1,0,0,0,0,90.0,0.0,1,1,1,2.0,2.0,12.0,3.0,4.25,13.0,0.25,1.0,10.5,10.5,0.91,0.91,2.34,3.0,3.0
179,1,1,2,0,0,1,0,0,0,0,90.0,0.0,1,1,1,3.0,2.0,10.0,4.0,5.05,26.0,0.2,1.0,10.5,11.0,0.94,0.84,2.49,3.0,3.0
180,0,0,2,0,0,1,1,0,0,0,30.0,0.0,1,1,1,0.0,8.0,3.0,4.0,4.5,26.0,0.25,2.0,11.0,11.0,1.06,1.01,2.66,4.0,2.0
180,1,0,2,0,0,1,1,0,0,0,30.0,0.0,1,1,1,,0.0,17.5,4.0,5.05,,,2.0,11.0,12.0,1.05,1.05,2.85,4.0,4.0
181,0,0,2,0,0,1,0,0,0,0,100.0,0.0,1,1,1,0.0,0.0,13.0,3.0,,,,1.0,10.5,11.0,0.91,0.79,2.34,3.0,2.0
181,1,0,2,0,0,1,0,0,0,0,100.0,0.0,1,1,1,,1.0,15.0,2.0,5.05,,0.25,1.0,10.5,11.0,0.95,0.9,2.49,3.0,2.0
182,0,1,2,0,0,0,1,1,0,0,100.0,0.0,1,1,1,0.0,3.0,15.0,3.0,4.5,4.0,0.25,2.0,11.0,11.0,1.06,1.01,2.66,4.0,3.0
182,1,1,2,0,0,0,1,1,0,0,100.0,0.0,1,1,1,,0.0,15.0,3.0,5.05,26.0,0.25,2.0,11.5,10.0,1.05,1.0,2.73,4.0,3.0
183,0,0,2,0,0,1,0,0,0,0,100.0,0.0,1,1,1,0.0,12.0,4.0,4.0,4.62,20.0,0.33,3.0,11.0,11.0,1.06,1.01,2.66,4.0,3.0
183,1,0,2,0,0,1,0,0,0,0,100.0,0.0,1,1,1,4.0,15.0,10.0,2.0,5.05,13.0,0.25,2.0,11.0,10.5,1.05,1.0,2.75,4.0,3.0
185,0,0,2,0,1,0,1,0,0,0,100.0,1.0,1,1,1,0.0,2.0,9.0,3.0,4.5,13.0,0.2,2.0,11.0,10.5,1.06,1.01,2.66,4.0,4.0
185,1,0,2,0,1,0,1,0,0,0,100.0,1.0,1,1,1,,2.0,6.0,3.0,5.05,26.0,0.25,1.0,11.0,10.5,1.05,1.0,2.75,3.0,3.0
186,0,1,3,0,0,1,0,0,0,0,50.0,0.0,1,1,1,3.0,10.0,20.0,4.0,4.75,26.0,0.15,2.0,6.0,16.0,1.12,1.02,0.95,5.0,3.0
186,1,1,3,0,0,1,0,0,0,0,50.0,0.0,1,1,1,3.0,12.0,18.0,4.0,5.05,26.0,,2.0,6.0,16.0,1.17,1.06,0.95,5.0,3.0
187,0,0,3,0,0,1,1,0,0,0,2.0,0.0,1,1,1,0.0,4.0,20.0,3.0,5.62,26.0,0.52,2.0,7.0,15.0,1.12,1.09,1.06,4.0,3.0
187,1,0,3,0,0,1,1,0,0,0,2.0,0.0,1,1,1,,5.0,17.5,3.0,5.05,13.0,0.2,2.0,7.0,15.0,1.11,1.06,1.05,4.0,4.0
189,0,0,3,0,0,1,0,0,0,0,95.0,0.0,1,1,1,0.0,4.0,15.0,3.0,4.75,39.0,0.2,2.0,7.0,15.0,1.12,1.07,1.12,4.0,2.0
189,1,0,3,0,0,1,0,0,0,0,95.0,0.0,1,1,1,,0.0,19.0,3.0,5.05,52.0,0.2,2.0,7.0,15.0,1.11,1.06,1.05,5.0,3.0
190,0,1,3,1,0,1,0,0,0,0,,0.0,1,1,1,0.0,5.0,42.0,4.0,5.0,26.0,0.12,2.0,6.0,16.0,1.02,1.07,1.06,5.0,
190,1,1,3,1,0,1,0,0,0,0,,0.0,1,1,1,,7.0,30.0,4.0,5.05,26.0,0.18,2.0,7.0,15.0,1.05,1.01,1.74,5.0,3.0
191,0,0,4,0,0,1,0,0,0,0,,1.0,1,1,1,0.0,30.0,20.0,4.0,,,,2.0,10.5,12.0,1.06,0.95,1.06,,1.0
191,1,0,4,0,0,1,0,0,0,0,,1.0,1,1,1,1.0,0.0,25.0,4.0,5.05,6.0,0.25,2.0,10.5,12.0,1.02,0.94,1.05,2.0,2.0
192,0,1,4,0,0,1,0,0,0,0,10.0,0.0,1,1,1,2.0,20.0,10.0,4.0,4.87,26.0,0.17,2.0,10.0,12.0,0.91,0.85,1.06,2.0,2.0
192,1,1,4,0,0,1,0,0,0,0,10.0,0.0,1,1,1,,4.5,30.0,3.0,5.25,19.0,0.18,2.0,10.5,12.5,1.05,0.84,1.26,2.0,2.0
193,0,1,4,0,0,1,1,0,0,0,,1.0,1,1,1,3.0,1.0,13.0,3.0,4.5,13.0,0.12,2.0,10.0,11.0,0.95,0.85,0.99,2.0,1.0
193,1,1,4,0,0,1,1,0,0,0,,1.0,1,1,1,2.0,4.0,9.0,3.0,5.05,26.0,0.13,2.0,9.0,13.0,1.01,0.9,1.26,2.0,1.0
195,0,1,4,0,0,1,1,0,0,0,100.0,0.0,1,1,1,3.0,0.0,30.0,3.0,4.25,26.0,,2.0,10.5,11.5,1.06,0.85,1.06,2.0,2.0
195,1,1,4,0,0,1,1,0,0,0,100.0,0.0,1,1,1,2.0,8.0,25.0,3.0,5.05,26.0,0.15,2.0,10.5,12.5,0.94,0.84,2.11,2.0,2.0
196,0,0,4,1,0,1,0,0,0,0,,0.0,1,1,1,0.0,8.0,19.0,4.0,5.0,26.0,0.2,2.0,10.5,11.5,0.95,0.85,1.06,2.0,2.0
196,1,0,4,1,0,1,0,0,0,0,,0.0,1,1,1,,0.0,30.0,3.0,5.05,26.0,0.18,2.0,10.5,12.5,1.0,0.9,2.11,2.0,2.0
197,0,0,1,0,0,1,0,0,0,0,50.0,0.0,1,1,1,0.0,23.0,10.0,4.0,5.0,26.0,0.25,2.0,7.0,17.0,0.99,0.89,0.89,3.0,2.0
197,1,0,1,0,0,1,0,0,0,0,50.0,0.0,1,1,1,1.0,5.0,21.0,5.0,5.05,26.0,0.13,3.0,7.0,17.0,1.05,0.95,0.95,3.0,1.0
198,0,1,1,0,0,1,0,0,0,0,65.0,0.0,1,1,1,0.0,,,4.0,4.25,4.0,0.12,3.0,7.0,16.0,1.06,0.95,0.95,3.0,3.0
198,1,1,1,0,0,1,0,0,0,0,65.0,0.0,1,1,1,8.0,10.0,32.0,4.0,5.05,26.0,0.15,2.0,7.0,16.0,1.05,0.94,0.94,3.0,3.0
199,0,0,2,0,0,1,0,0,0,0,25.0,,1,1,1,0.0,0.0,12.0,3.0,4.35,,0.12,1.0,11.0,10.0,0.85,0.8,2.34,4.0,3.0
199,1,0,2,0,0,1,0,0,0,0,25.0,,1,1,1,,11.0,3.0,4.0,5.05,2.0,0.45,1.0,11.0,10.5,0.91,0.9,2.45,4.0,3.0
200,0,1,1,0,0,1,0,0,0,0,15.0,0.0,1,1,1,0.0,0.0,60.0,3.0,4.25,9.0,0.2,2.0,6.0,18.0,1.06,0.91,0.98,4.0,3.0
200,1,1,1,0,0,1,0,0,0,0,15.0,0.0,1,1,1,,5.0,40.0,4.0,5.05,52.0,0.25,2.0,6.5,17.5,1.05,0.94,0.98,5.0,4.0
201,0,0,1,0,0,1,0,0,0,0,65.0,1.0,1,1,1,0.0,0.0,33.0,3.0,4.5,26.0,0.35,2.0,7.0,17.0,1.06,1.02,0.95,3.0,3.0
201,1,0,1,0,0,1,0,0,0,0,65.0,1.0,1,1,1,,16.0,22.0,3.0,5.05,26.0,0.28,1.0,7.0,17.0,1.05,0.95,0.95,3.0,3.0
202,0,1,1,0,0,1,0,0,0,0,15.0,0.0,1,1,1,2.0,30.0,14.0,4.0,4.25,4.0,0.37,2.0,6.0,19.0,1.17,0.95,0.63,3.0,3.0
202,1,1,1,0,0,1,0,0,0,0,15.0,0.0,1,1,1,,13.0,11.0,4.0,5.05,4.0,0.08,3.0,6.0,19.0,1.15,0.95,0.64,3.0,3.0
203,0,0,1,0,0,1,0,0,0,0,50.0,0.0,1,1,1,2.0,9.0,12.0,2.0,4.25,26.0,0.15,2.0,7.0,17.0,1.06,0.95,0.95,3.0,3.0
203,1,0,1,0,0,1,0,0,0,0,50.0,0.0,1,1,1,,4.0,34.0,3.0,5.05,26.0,0.18,0.0,7.0,17.0,1.05,0.95,0.95,3.0,2.0
204,0,0,1,0,0,1,0,0,0,0,31.0,0.0,1,1,1,0.0,10.0,8.5,4.0,4.25,13.0,0.27,2.0,6.5,17.5,1.06,1.0,1.06,3.0,3.0
204,1,0,1,0,0,1,0,0,0,0,31.0,0.0,1,1,1,,12.0,13.5,3.0,5.05,13.0,0.25,2.0,6.5,17.5,1.05,0.99,1.05,3.0,2.0
207,0,0,2,1,0,1,0,0,0,0,25.0,1.0,1,1,1,0.0,8.0,10.0,4.0,4.75,8.0,0.25,1.0,11.0,12.0,1.06,0.85,2.34,4.0,2.0
207,1,0,2,1,0,1,0,0,0,0,25.0,1.0,1,1,1,,8.5,6.0,2.0,5.2,52.0,0.5,1.0,11.0,12.0,1.05,0.84,2.32,5.0,3.0
208,0,0,3,1,0,1,0,0,0,0,95.0,0.0,1,1,1,1.0,12.0,32.0,4.0,4.62,26.0,0.15,2.0,6.0,17.0,1.19,0.94,0.85,4.0,4.0
208,1,0,3,1,0,1,0,0,0,0,95.0,0.0,1,1,1,2.0,5.0,32.0,3.0,5.05,26.0,,2.0,8.0,14.0,1.06,1.06,1.05,5.0,5.0
209,0,0,3,1,0,1,0,0,0,0,75.0,0.0,1,1,1,0.0,4.0,36.0,4.0,4.25,26.0,0.12,2.0,6.0,18.0,1.17,0.95,0.95,5.0,5.0
209,1,0,3,1,0,1,0,0,0,0,75.0,0.0,1,1,1,,6.0,37.0,4.0,5.05,26.0,0.2,2.0,7.0,16.0,1.11,1.06,1.05,5.0,5.0
210,0,1,4,1,0,1,0,0,0,0,90.0,0.0,1,1,1,3.0,0.0,19.0,2.0,4.5,13.0,0.17,2.0,10.5,11.5,1.06,0.95,0.95,4.0,2.0
210,1,1,4,1,0,1,0,0,0,0,90.0,0.0,1,1,1,,0.0,14.0,3.0,5.05,13.0,0.2,2.0,10.0,11.0,,,,4.0,
211,0,0,1,0,0,0,0,1,0,0,80.0,0.0,1,1,1,2.0,3.0,28.0,4.0,4.5,13.0,,2.0,7.0,15.0,1.02,0.95,0.95,3.0,3.0
211,1,0,1,0,0,0,0,1,0,0,80.0,0.0,1,1,1,,2.0,35.0,4.0,5.05,4.0,,2.0,7.0,15.0,,0.9,,3.0,2.0
212,0,0,1,0,0,0,0,1,0,0,95.0,1.0,1,1,1,0.0,11.0,17.5,3.0,4.5,13.0,0.17,1.0,7.0,16.0,1.06,0.88,0.84,3.0,2.0
212,1,0,1,0,0,0,0,1,0,0,95.0,1.0,1,1,1,,20.0,15.0,3.0,5.05,4.0,0.53,2.0,7.0,16.0,1.05,0.94,0.89,2.0,2.0
213,0,0,1,1,0,0,0,1,0,0,50.0,1.0,1,1,2,1.0,4.5,20.0,4.0,4.55,4.0,0.15,2.0,6.5,17.5,0.96,0.93,0.93,4.0,3.0
213,1,0,1,1,0,0,0,1,0,0,50.0,1.0,1,1,2,2.0,12.0,17.5,4.0,5.05,19.0,0.15,2.0,6.5,17.5,1.05,0.94,0.94,4.0,3.0
214,0,0,1,0,0,0,0,1,0,0,75.0,0.0,1,1,1,0.0,2.0,30.0,3.0,4.62,6.5,0.25,2.0,7.0,16.0,1.02,0.89,0.91,2.0,2.0
214,1,0,1,0,0,0,0,1,0,0,75.0,0.0,1,1,1,1.0,0.0,35.0,5.0,5.05,,,2.0,6.75,16.25,1.04,0.93,0.96,3.0,2.0
215,0,0,1,0,0,0,0,1,0,0,100.0,0.0,1,1,1,0.0,10.0,10.0,3.0,4.5,13.0,0.2,2.0,7.0,16.0,1.06,0.89,0.91,3.0,3.0
215,1,0,1,0,0,0,0,1,0,0,100.0,0.0,1,1,1,,20.0,10.0,3.0,5.05,26.0,0.15,3.0,7.0,16.0,0.93,0.84,0.93,3.0,3.0
216,0,0,2,0,0,0,0,1,0,0,100.0,0.0,1,1,1,0.0,2.0,11.0,3.0,4.25,13.0,0.15,1.0,11.0,10.5,1.06,0.95,2.77,4.0,3.0
216,1,0,2,0,0,0,0,1,0,0,100.0,0.0,1,1,1,,2.0,18.0,3.0,5.05,13.0,0.2,2.0,11.0,10.5,1.05,0.94,2.75,5.0,3.0
217,0,0,2,1,0,0,0,1,0,0,73.0,0.0,1,1,1,0.0,2.0,13.0,2.0,4.25,13.0,0.17,1.0,11.0,10.0,0.95,0.74,2.19,4.0,3.0
217,1,0,2,1,0,0,0,1,0,0,73.0,0.0,1,1,1,,0.0,12.0,3.0,5.05,26.0,0.2,1.0,10.5,10.5,0.94,0.73,2.32,4.0,4.0
218,0,0,2,1,0,0,0,1,0,0,5.0,0.0,1,1,1,0.0,7.0,4.0,2.0,4.35,26.0,0.25,1.0,11.0,10.0,0.85,0.74,2.34,3.0,2.0
218,1,0,2,1,0,0,0,1,0,0,5.0,0.0,1,1,1,,5.0,3.0,3.0,5.05,26.0,0.25,1.0,11.0,11.0,0.95,0.73,2.19,3.0,3.0
219,0,0,2,1,0,0,0,1,0,0,50.0,0.0,1,1,1,0.0,3.0,9.0,3.0,4.25,19.0,0.12,2.0,11.0,10.0,0.91,0.74,2.34,4.0,3.0
219,1,0,2,1,0,0,0,1,0,0,50.0,0.0,1,1,1,,9.0,9.0,2.0,5.05,26.0,0.18,1.0,10.5,10.5,0.94,0.73,2.53,,
220,0,0,2,0,0,0,0,1,0,0,50.0,0.0,1,1,1,4.0,3.0,15.0,2.0,4.25,13.0,0.25,2.0,11.0,10.0,1.06,0.95,2.77,5.0,3.0
220,1,0,2,0,0,0,0,1,0,0,50.0,0.0,1,1,1,1.0,3.0,12.0,3.0,5.05,13.0,0.13,1.0,11.0,10.0,1.09,0.9,2.75,4.0,3.0
221,0,0,2,0,0,0,0,1,0,0,95.0,0.0,1,1,1,0.0,1.0,28.0,3.0,4.6,13.0,0.25,1.0,11.0,11.0,1.02,0.95,2.56,4.0,3.0
221,1,0,2,0,0,0,0,1,0,0,95.0,0.0,1,1,1,,1.0,15.0,3.0,5.05,13.0,0.15,1.0,11.0,11.0,1.05,0.94,2.53,4.0,3.0
222,0,0,3,1,0,0,0,1,0,0,75.0,0.0,1,1,1,3.0,2.0,24.0,3.0,4.25,13.0,0.25,2.0,9.0,12.5,1.12,0.85,1.06,3.0,1.0
222,1,0,3,1,0,0,0,1,0,0,75.0,0.0,1,1,1,,2.0,15.0,3.0,5.05,26.0,0.2,2.0,10.0,11.5,1.01,1.01,0.89,3.0,1.0
223,0,0,3,1,0,0,0,1,0,0,30.0,0.0,1,1,2,2.0,3.0,18.0,3.0,4.75,13.0,0.25,2.0,6.0,16.0,,,,3.0,2.0
223,1,0,3,1,0,0,0,1,0,0,30.0,0.0,1,1,2,2.0,3.0,20.0,3.0,5.05,28.0,0.25,2.0,7.0,15.0,1.01,1.01,0.94,3.0,2.0
225,0,0,3,1,0,0,0,1,0,0,25.0,0.0,1,1,1,0.0,3.0,27.0,3.0,4.75,13.0,0.2,2.0,6.0,17.0,1.06,0.91,0.91,6.0,3.0
225,1,0,3,1,0,0,0,1,0,0,25.0,0.0,1,1,1,,12.0,25.0,4.0,5.05,4.0,0.1,2.0,6.0,17.0,1.01,1.01,0.94,5.0,3.0
226,0,0,4,0,0,0,0,1,0,0,60.0,0.0,1,1,1,0.0,0.0,22.0,2.0,4.25,13.0,0.25,1.0,10.5,11.5,0.95,0.71,0.95,2.0,2.0
226,1,0,4,0,0,0,0,1,0,0,60.0,0.0,1,1,1,1.0,0.0,26.0,2.0,5.3,52.0,0.15,1.0,10.5,10.5,1.0,0.85,0.94,2.0,2.0
228,0,1,4,0,0,0,0,1,0,0,20.0,0.0,1,1,1,0.0,3.0,28.5,3.0,4.5,13.0,0.2,3.0,10.5,12.5,0.95,0.86,0.95,2.0,2.0
228,1,1,4,0,0,0,0,1,0,0,20.0,0.0,1,1,1,,11.0,19.0,3.0,5.05,,,1.0,10.5,12.5,1.0,0.84,0.89,2.0,
229,0,0,1,0,0,1,0,0,0,0,30.0,1.0,1,1,1,2.0,3.0,40.0,3.0,4.5,26.0,0.1,2.0,8.5,13.5,0.95,0.95,1.06,5.0,4.0
229,1,0,1,0,0,1,0,0,0,0,30.0,1.0,1,1,1,,22.0,11.0,3.0,5.5,26.0,0.15,2.0,8.5,13.5,1.01,0.94,0.94,4.0,3.0
230,0,0,1,0,0,1,0,0,0,0,60.0,0.0,1,1,1,0.0,0.0,25.0,3.0,4.25,26.0,0.1,1.0,7.0,17.0,1.02,0.95,0.95,3.0,2.0
230,1,0,1,0,0,1,0,0,0,0,60.0,0.0,1,1,1,,15.0,17.0,3.0,5.05,26.0,0.18,1.0,7.0,17.0,1.05,0.94,0.94,3.0,2.0
231,0,0,1,0,0,1,0,0,0,0,,0.0,1,1,1,1.0,,10.0,3.0,,26.0,,2.0,7.0,16.0,1.02,1.02,0.95,2.0,2.0
231,1,0,1,0,0,1,0,0,0,0,,0.0,1,1,1,,16.0,6.0,4.0,5.05,4.0,0.25,1.0,7.0,16.0,0.9,0.95,0.95,3.0,1.0
232,0,1,1,0,0,1,0,0,0,0,46.0,0.0,1,1,1,3.0,18.0,6.0,3.0,4.75,26.0,0.12,3.0,7.0,16.0,1.06,0.95,0.95,3.0,3.0
232,1,1,1,0,0,1,0,0,0,0,46.0,0.0,1,1,1,3.0,18.0,10.0,4.0,5.05,13.0,0.25,2.0,7.0,15.0,1.05,0.95,0.95,3.0,2.0
233,0,0,1,0,0,1,0,0,0,0,10.0,0.0,1,1,1,0.0,19.0,7.0,3.0,4.65,13.0,0.32,2.0,7.0,16.0,1.17,0.95,0.95,2.0,2.0
233,1,0,1,0,0,1,0,0,0,0,10.0,0.0,1,1,1,,15.0,7.0,3.0,5.05,26.0,0.25,2.0,7.0,16.0,1.05,0.94,0.94,2.0,2.0
234,0,0,1,0,0,1,0,0,0,0,0.0,0.0,1,1,1,2.0,0.0,10.0,3.0,5.0,26.0,,2.0,7.0,16.0,1.12,,0.49,2.0,2.0
234,1,0,1,0,0,1,0,0,0,0,0.0,0.0,1,1,1,2.0,10.0,4.0,3.0,5.05,26.0,,2.0,7.0,16.0,1.04,1.01,0.58,3.0,2.0
235,0,0,1,0,0,1,0,0,0,0,100.0,1.0,1,1,2,2.0,5.0,17.0,1.0,4.25,26.0,0.21,2.0,7.0,16.0,1.02,0.95,1.04,3.0,2.0
235,1,0,1,0,0,1,0,0,0,0,100.0,1.0,1,1,2,4.0,,28.0,3.0,5.05,28.0,0.5,2.0,8.0,15.0,1.11,1.11,1.03,4.0,2.0
236,0,0,1,0,0,1,0,0,0,0,95.0,1.0,1,1,1,3.0,0.0,34.0,4.0,,17.0,,1.0,7.0,17.0,1.18,1.02,1.06,4.0,3.0
236,1,0,1,0,0,1,0,0,0,0,95.0,1.0,1,1,1,2.0,23.0,22.0,4.0,5.05,8.0,0.28,1.0,7.0,18.0,1.1,1.01,0.99,4.0,3.0
237,0,0,1,0,0,1,0,0,0,0,50.0,0.0,1,1,1,2.0,12.0,11.0,4.0,4.25,13.0,0.25,2.0,7.0,16.0,1.11,0.95,1.01,2.0,2.0
237,1,0,1,0,0,1,0,0,0,0,50.0,0.0,1,1,1,,9.0,17.0,4.0,5.05,4.0,0.2,2.0,7.0,15.5,0.94,0.94,1.0,2.0,2.0
238,0,0,2,1,0,1,0,0,0,0,100.0,1.0,1,1,1,2.0,0.0,22.0,3.0,4.75,9.0,0.12,1.0,11.0,12.0,1.06,1.02,2.34,5.0,3.0
238,1,0,2,1,0,1,0,0,0,0,100.0,1.0,1,1,1,,25.0,15.0,5.0,5.05,13.0,0.25,1.0,11.0,12.0,1.05,1.05,2.32,5.0,3.0
239,0,0,2,0,0,1,0,0,0,0,35.0,0.0,1,1,1,1.0,15.0,4.0,3.0,4.25,13.0,0.25,1.0,10.5,13.5,1.05,0.95,2.74,5.0,3.0
239,1,0,2,0,0,1,0,0,0,0,35.0,0.0,1,1,1,,0.0,19.0,2.0,5.05,26.0,0.28,1.0,10.5,12.5,1.05,0.84,2.32,5.0,3.0
240,0,0,3,1,0,1,0,0,0,0,20.0,0.0,1,1,1,0.0,15.0,35.0,3.0,5.1,26.0,0.25,2.0,6.0,17.0,1.18,1.02,1.06,6.0,4.0
240,1,0,3,1,0,1,0,0,0,0,20.0,0.0,1,1,1,1.0,15.0,15.0,3.0,5.05,26.0,0.15,2.0,6.0,17.0,1.1,1.0,1.05,6.0,4.0
241,0,1,3,0,0,1,0,0,0,0,30.0,0.0,1,1,1,2.0,15.0,25.0,4.0,5.0,13.0,0.37,2.0,7.0,16.0,1.12,1.02,1.06,5.0,5.0
241,1,1,3,0,0,1,0,0,0,0,30.0,0.0,1,1,1,1.0,15.0,,4.0,5.05,26.0,0.1,2.0,7.0,16.0,1.15,1.05,1.05,5.0,5.0
242,0,1,3,1,0,1,0,0,0,0,0.0,1.0,1,1,1,0.0,25.0,10.0,3.0,5.25,13.0,0.25,2.0,6.0,17.0,1.1,1.02,1.06,5.0,4.0
242,1,1,3,1,0,1,0,0,0,0,0.0,1.0,1,1,1,,12.0,10.0,3.0,5.05,8.0,0.2,2.0,7.0,16.0,1.11,1.06,1.05,6.0,4.0
243,0,0,3,1,0,1,0,0,0,0,40.0,0.0,1,1,1,0.0,7.0,25.0,3.0,4.5,8.0,0.25,2.0,6.0,16.5,1.07,1.02,0.74,6.0,3.0
243,1,0,3,1,0,1,0,0,0,0,40.0,0.0,1,1,1,,7.0,22.0,3.0,5.05,26.0,0.1,2.0,7.0,15.5,1.11,1.06,1.05,6.0,2.0
244,0,0,3,1,0,1,0,0,0,0,40.0,0.0,1,1,1,3.0,12.0,30.0,3.0,4.25,4.0,0.25,2.0,6.0,18.0,1.17,1.12,1.02,4.0,3.0
244,1,0,3,1,0,1,0,0,0,0,40.0,0.0,1,1,1,,16.0,12.0,6.0,5.05,26.0,0.25,2.0,7.0,17.0,1.11,1.12,1.05,5.0,3.0
245,0,0,3,0,0,1,0,0,0,0,0.0,0.0,1,1,1,3.0,15.0,8.0,3.0,5.5,,,1.0,8.5,13.5,1.2,1.02,1.02,4.0,2.0
245,1,0,3,0,0,1,0,0,0,0,0.0,0.0,1,1,1,3.0,8.0,12.0,4.0,5.05,26.0,,1.0,8.5,13.0,1.11,1.11,1.05,5.0,1.0
247,0,0,4,0,0,1,0,0,0,0,75.0,1.0,1,1,2,3.0,0.0,40.0,4.0,4.5,13.0,0.1,2.0,10.5,15.5,1.06,1.05,1.06,2.0,2.0
247,1,0,4,0,0,1,0,0,0,0,75.0,1.0,1,1,2,7.0,0.0,40.0,4.0,5.05,,,2.0,10.5,15.5,1.11,1.09,2.07,2.0,2.0
248,0,0,4,0,0,1,0,0,0,0,,0.0,1,1,1,2.0,8.0,16.0,6.0,4.75,13.0,0.37,2.0,10.0,16.0,1.17,0.95,0.85,2.0,2.0
248,1,0,4,0,0,1,0,0,0,0,,0.0,1,1,1,,10.0,14.0,6.0,5.05,26.0,0.25,2.0,10.0,16.0,1.37,0.95,2.03,2.0,1.0
249,0,0,1,0,0,0,1,1,0,0,63.0,0.0,1,1,1,1.0,6.0,6.0,4.0,4.37,4.0,0.25,1.0,7.0,15.0,1.13,1.06,0.95,3.0,2.0
249,1,0,1,0,0,0,1,1,0,0,63.0,0.0,1,1,1,,10.0,12.0,3.0,5.05,4.0,0.1,1.0,7.0,15.0,1.01,1.01,0.94,3.0,2.0
250,0,0,2,1,0,0,1,1,0,0,100.0,0.0,1,1,1,2.0,1.0,4.0,2.0,4.5,13.0,0.3,1.0,11.0,10.0,0.85,,,4.0,1.0
250,1,0,2,1,0,0,1,1,0,0,100.0,0.0,1,1,1,,2.0,4.0,3.0,5.05,6.0,0.25,1.0,11.0,10.0,0.94,0.84,2.52,5.0,3.0
253,0,0,3,1,0,0,0,1,0,0,,,1,1,1,0.0,7.0,7.0,3.0,4.87,52.0,,2.0,7.0,13.0,1.23,1.06,2.3,2.0,2.0
253,1,0,3,1,0,0,0,1,0,0,,,1,1,1,,4.0,8.0,6.0,5.05,52.0,0.23,2.0,7.0,16.0,1.23,1.11,2.28,3.0,2.0
254,0,0,4,0,0,0,1,1,0,0,,1.0,1,1,1,0.0,20.0,10.0,3.0,,16.0,,1.0,7.0,16.0,1.06,0.86,1.06,2.0,2.0
254,1,0,4,0,0,0,1,1,0,0,,1.0,1,1,1,1.0,28.0,10.0,3.0,5.25,8.0,0.2,1.0,7.0,15.0,1.0,0.85,1.05,2.0,2.0
255,0,1,4,0,0,0,0,1,0,0,10.0,0.0,1,1,1,2.0,0.0,14.0,3.0,,52.0,0.27,1.0,7.0,14.0,1.01,0.79,0.85,2.0,2.0
255,1,1,4,0,0,0,0,1,0,0,10.0,0.0,1,1,1,,8.0,12.0,2.0,,52.0,0.14,1.0,7.0,14.0,1.0,0.85,2.11,2.0,2.0
257,0,0,1,0,0,0,1,1,0,0,10.0,,1,2,2,2.0,20.0,10.0,3.0,4.25,39.0,0.2,2.0,7.0,16.0,1.02,0.88,0.91,2.0,2.0
257,1,0,1,0,0,0,1,1,0,0,10.0,,1,2,2,2.0,,,,,,,,,,,,,,
258,0,0,1,0,0,0,0,1,0,0,38.0,0.0,1,1,1,0.0,4.0,22.0,3.0,4.25,8.0,0.15,2.0,7.0,16.0,1.06,0.92,0.9,3.0,3.0
258,1,0,1,0,0,0,0,1,0,0,38.0,0.0,1,1,1,,20.0,18.0,3.0,5.05,13.0,,2.0,6.0,18.0,1.08,0.94,0.84,3.0,3.0
259,0,0,1,0,0,0,0,1,0,0,50.0,0.0,1,1,1,0.0,13.0,12.0,4.0,5.0,4.0,0.25,2.0,7.5,14.5,1.02,0.85,0.85,3.0,3.0
259,1,0,1,0,0,0,0,1,0,0,50.0,0.0,1,1,1,,15.0,15.0,4.0,5.05,,,2.0,7.5,14.5,1.05,,0.84,3.0,3.0
260,0,1,1,1,0,0,0,1,0,0,100.0,0.0,1,1,1,2.0,10.0,20.0,4.0,4.25,4.0,0.17,2.0,7.0,16.0,1.06,0.93,0.88,4.0,2.0
260,1,1,1,1,0,0,0,1,0,0,100.0,0.0,1,1,1,,4.0,26.0,5.0,5.05,8.0,0.28,2.0,7.0,16.0,1.09,0.94,0.93,3.0,3.0
262,0,0,1,0,0,0,0,1,0,0,78.0,0.0,1,1,1,0.0,7.0,13.0,3.0,4.25,13.0,0.25,2.0,6.5,16.5,1.06,0.95,1.06,4.0,4.0
262,1,0,1,0,0,0,0,1,0,0,78.0,0.0,1,1,1,,0.0,22.5,3.0,5.05,,0.25,2.0,6.5,17.5,1.08,1.02,0.87,3.0,3.0
264,0,1,1,0,0,0,0,1,0,0,60.0,0.0,1,1,2,5.0,0.0,10.0,2.0,4.25,13.0,0.25,3.0,7.0,15.0,1.02,0.88,0.91,2.0,2.0
264,1,1,1,0,0,0,0,1,0,0,60.0,0.0,1,1,2,2.0,0.0,23.0,5.0,5.05,14.0,,2.0,7.0,16.0,1.05,1.11,0.94,3.0,3.0
265,0,0,1,0,0,0,0,1,0,0,100.0,,1,3,2,3.0,0.0,20.0,1.0,4.25,26.0,0.15,2.0,7.0,16.0,1.02,0.88,0.94,3.0,3.0
265,1,0,1,0,0,0,0,1,0,0,100.0,,1,3,2,1.0,0.0,0.0,0.0,,,,,,,,,,,
267,0,0,1,0,0,0,0,1,0,0,80.0,0.0,1,1,1,0.0,6.5,20.0,3.0,4.25,26.0,0.22,2.0,7.0,16.0,0.9,0.8,0.8,3.0,2.0
267,1,0,1,0,0,0,0,1,0,0,80.0,0.0,1,1,1,,30.0,25.0,5.0,5.05,26.0,0.2,3.0,7.0,16.0,1.05,0.88,0.91,3.0,2.0
268,0,1,1,1,0,0,0,1,0,0,0.0,1.0,1,1,1,1.0,10.0,18.0,4.0,5.0,26.0,0.17,2.0,7.0,15.0,1.02,0.85,0.85,5.0,4.0
268,1,1,1,1,0,0,0,1,0,0,0.0,1.0,1,1,1,,0.0,42.5,2.0,5.05,26.0,0.25,2.0,7.0,15.0,0.94,0.78,0.84,4.0,4.0
269,0,0,2,1,0,0,0,1,0,0,33.0,0.0,1,1,1,0.0,2.0,10.0,3.0,4.45,13.0,0.12,2.0,11.0,10.0,0.95,0.69,1.5,4.0,3.0
269,1,0,2,1,0,0,0,1,0,0,33.0,0.0,1,1,1,3.0,10.0,3.0,4.0,5.05,26.0,0.17,2.0,11.0,11.0,0.94,0.73,2.32,4.0,3.0
271,0,0,2,1,0,0,0,1,0,0,38.0,0.0,1,1,1,3.0,0.0,13.0,2.0,5.0,13.0,0.1,2.0,11.0,11.0,1.02,0.79,2.34,4.0,2.0
271,1,0,2,1,0,0,0,1,0,0,38.0,0.0,1,1,1,1.0,0.0,15.0,3.0,5.05,8.0,0.1,2.0,11.0,12.0,0.9,0.73,2.28,4.0,3.0
272,0,0,2,1,0,0,0,1,0,0,0.0,0.0,1,1,1,4.0,4.0,11.0,3.0,5.05,4.0,0.2,1.0,11.0,11.0,0.95,0.74,2.34,4.0,2.0
272,1,0,2,1,0,0,0,1,0,0,0.0,0.0,1,1,1,1.0,2.0,14.0,3.0,5.25,26.0,0.2,2.0,11.0,12.0,0.94,0.73,2.32,4.0,3.0
273,0,0,2,1,0,0,0,1,0,0,95.0,0.0,1,1,1,0.0,2.0,14.0,4.0,4.62,13.0,0.2,1.0,11.0,10.0,0.95,0.74,2.34,4.0,3.0
273,1,0,2,1,0,0,0,1,0,0,95.0,0.0,1,1,1,2.0,2.0,11.0,3.0,5.05,6.0,0.18,1.0,11.0,10.0,0.95,0.74,2.32,4.0,3.0
274,0,0,2,1,0,0,0,1,0,0,27.0,0.0,1,1,1,0.0,0.0,15.0,2.0,5.5,26.0,0.12,2.0,11.0,10.0,0.91,0.74,2.34,4.0,3.0
274,1,0,2,1,0,0,0,1,0,0,27.0,0.0,1,1,1,,3.0,7.0,3.0,5.05,26.0,0.2,1.0,11.0,11.0,,,2.32,,
275,0,0,2,1,0,0,0,1,0,0,38.0,0.0,1,1,1,0.0,4.0,4.0,4.0,4.25,9.0,0.25,2.0,11.0,11.0,0.95,0.79,2.34,4.0,3.0
275,1,0,2,1,0,0,0,1,0,0,38.0,0.0,1,1,1,2.0,1.0,8.0,2.0,5.05,13.0,0.39,1.0,11.0,10.5,0.94,0.73,2.32,4.0,2.0
276,0,0,2,1,0,0,0,1,0,0,0.0,0.0,1,1,1,3.0,5.0,10.0,3.0,5.0,26.0,0.25,2.0,11.0,10.5,0.95,0.74,2.19,4.0,3.0
276,1,0,2,1,0,0,0,1,0,0,0.0,0.0,1,1,1,,5.0,15.0,3.0,5.05,26.0,0.28,3.0,11.0,12.0,0.95,0.73,2.32,5.0,3.0
277,0,0,2,1,0,0,0,1,0,0,10.0,0.0,1,1,1,0.0,2.0,15.0,3.0,4.25,9.0,0.25,3.0,11.0,10.0,0.95,0.85,2.34,3.0,3.0
277,1,0,2,1,0,0,0,1,0,0,10.0,0.0,1,1,1,1.0,1.0,14.0,3.0,5.05,,,1.0,11.0,10.0,0.94,0.73,2.32,3.0,3.0
278,0,0,2,1,0,0,0,1,0,0,43.0,0.0,1,1,1,0.0,3.0,4.0,3.0,4.25,3.0,0.25,2.0,11.0,10.0,0.95,0.74,2.19,4.0,3.0
278,1,0,2,1,0,0,0,1,0,0,43.0,0.0,1,1,1,,0.0,9.0,4.0,5.05,,,1.0,11.0,11.0,0.95,0.73,2.32,5.0,3.0
282,0,0,3,1,0,0,0,1,0,0,25.0,,1,3,2,2.0,2.0,14.0,3.0,4.25,13.0,0.13,2.0,6.0,16.0,1.06,0.91,0.79,4.0,3.0
282,1,0,3,1,0,0,0,1,0,0,25.0,,1,3,2,1.0,0.0,0.0,0.0,,,,,,,,,,,
284,0,1,3,1,0,0,0,1,0,0,88.0,0.0,1,1,1,1.0,5.0,23.0,4.0,4.5,13.0,0.25,2.0,6.0,16.0,1.02,0.91,0.91,5.0,4.0
284,1,1,3,1,0,0,0,1,0,0,88.0,0.0,1,1,1,1.0,6.0,12.0,3.0,5.05,26.0,0.28,2.0,6.0,16.0,1.01,1.01,0.94,4.0,3.0
285,0,0,3,1,0,0,0,1,0,0,70.0,0.0,1,1,1,1.0,3.0,25.0,3.0,4.75,4.0,0.25,2.0,6.0,16.0,1.02,0.91,0.8,4.0,2.0
285,1,0,3,1,0,0,0,1,0,0,70.0,0.0,1,1,1,,3.0,15.0,3.0,5.05,52.0,0.13,2.0,6.0,16.0,1.01,1.01,1.01,4.0,2.0
286,0,0,3,1,0,0,0,1,0,0,66.0,0.0,1,1,1,4.0,1.0,15.0,3.0,4.75,13.0,0.25,2.0,10.0,11.5,1.12,,0.95,2.0,1.0
286,1,0,3,1,0,0,0,1,0,0,66.0,0.0,1,1,1,1.0,2.0,15.0,3.0,5.05,26.0,0.18,2.0,10.0,11.5,1.02,1.01,0.94,2.0,1.0
287,0,0,3,1,0,0,0,1,0,0,70.0,0.0,1,1,1,2.0,3.0,18.0,3.0,4.5,13.0,0.17,2.0,6.0,16.0,1.06,0.91,0.95,5.0,3.0
287,1,0,3,1,0,0,0,1,0,0,70.0,0.0,1,1,1,,2.0,15.0,3.0,5.05,4.0,0.15,2.0,6.0,16.0,1.01,1.01,0.94,5.0,3.0
288,0,0,3,1,0,0,0,1,0,0,15.0,0.0,1,1,1,3.0,0.0,20.0,3.0,4.75,,0.25,2.0,6.0,16.0,1.02,0.95,0.95,6.0,4.0
288,1,0,3,1,0,0,0,1,0,0,15.0,0.0,1,1,1,,5.0,9.0,3.0,5.05,19.0,0.15,2.0,6.0,16.0,1.01,1.01,0.89,5.0,2.0
289,0,0,3,1,0,0,0,1,0,0,50.0,0.0,1,1,1,2.0,2.0,12.0,2.0,4.25,13.0,0.2,2.0,6.0,16.0,1.02,0.95,0.95,5.0,3.0
289,1,0,3,1,0,0,0,1,0,0,50.0,0.0,1,1,1,,3.0,10.0,2.0,5.05,26.0,0.25,2.0,7.0,15.0,1.01,1.01,2.0,6.0,3.0
290,0,0,4,0,0,0,0,1,0,0,35.0,0.0,1,1,1,1.0,8.0,12.0,3.0,4.75,26.0,0.1,3.0,10.5,12.5,0.95,0.89,0.95,2.0,2.0
290,1,0,4,0,0,0,0,1,0,0,35.0,0.0,1,1,1,1.0,0.0,23.0,2.0,5.05,,,1.0,10.5,11.5,1.0,0.85,0.94,2.0,2.0
291,0,0,4,0,0,0,0,1,0,0,25.0,1.0,1,1,1,0.0,4.0,20.0,3.0,4.55,16.0,0.12,1.0,10.5,11.5,0.95,0.86,0.95,2.0,2.0
291,1,0,4,0,0,0,0,1,0,0,25.0,1.0,1,1,1,,5.0,16.0,3.0,5.1,17.0,0.1,2.0,10.5,11.5,1.0,0.85,0.94,2.0,2.0
292,0,0,4,0,0,0,1,1,0,0,2.0,1.0,1,1,1,2.0,10.0,15.0,3.0,4.8,26.0,0.12,1.0,7.0,16.0,0.95,0.92,0.95,2.0,1.0
292,1,0,4,0,0,0,1,1,0,0,2.0,1.0,1,1,1,,15.0,11.0,3.0,5.05,52.0,0.25,1.0,7.0,16.0,1.0,0.84,2.69,2.0,2.0
294,0,0,1,0,0,1,0,0,0,0,70.0,0.0,1,1,1,3.0,0.0,35.0,3.0,,26.0,0.2,2.0,7.0,16.0,1.06,0.95,0.95,3.0,3.0
294,1,0,1,0,0,1,0,0,0,0,70.0,0.0,1,1,1,,0.0,35.0,3.0,5.05,26.0,0.2,2.0,7.0,16.0,1.05,0.94,0.94,3.0,2.0
295,0,0,1,0,0,1,0,0,0,0,100.0,0.0,1,1,2,3.0,8.0,9.0,3.0,4.75,26.0,0.12,2.0,6.5,16.5,1.06,0.95,0.95,3.0,3.0
295,1,0,1,0,0,1,0,0,0,0,100.0,0.0,1,1,2,1.0,,21.0,4.0,5.05,28.0,0.18,2.0,6.0,18.0,1.05,0.94,0.94,3.0,3.0
296,0,0,1,1,0,1,0,0,0,0,50.0,0.0,1,1,1,0.0,5.0,16.0,4.0,5.3,26.0,0.25,2.0,7.0,16.0,1.06,0.95,1.01,3.0,3.0
296,1,0,1,1,0,1,0,0,0,0,50.0,0.0,1,1,1,3.0,4.0,9.0,6.0,5.05,13.0,,2.0,7.0,16.0,1.05,0.94,1.0,3.0,2.0
297,0,0,1,1,0,1,0,0,0,0,100.0,0.0,1,1,1,1.0,9.0,15.0,3.0,4.25,13.0,0.05,2.0,7.0,16.0,1.06,0.91,0.98,3.0,3.0
297,1,0,1,1,0,1,0,0,0,0,100.0,0.0,1,1,1,2.0,15.0,30.0,4.0,5.05,26.0,0.15,2.0,7.0,16.0,1.05,0.94,0.98,3.0,2.0
299,0,0,2,1,0,1,0,0,0,0,0.0,0.0,1,1,1,0.0,3.0,8.0,2.0,5.0,26.0,,1.0,10.5,11.5,1.06,0.85,2.34,3.0,2.0
299,1,0,2,1,0,1,0,0,0,0,0.0,0.0,1,1,1,1.0,6.0,12.0,2.0,5.05,13.0,0.25,1.0,11.0,11.5,1.05,0.84,2.32,3.0,2.0
301,0,1,2,1,0,1,0,0,0,0,0.0,0.0,1,1,1,4.0,8.0,12.0,5.0,5.0,11.0,0.36,3.0,11.0,10.5,1.06,0.85,2.34,3.0,1.0
301,1,1,2,1,0,1,0,0,0,0,0.0,0.0,1,1,1,1.0,2.0,7.0,1.0,5.05,4.0,0.5,2.0,11.0,10.5,0.94,0.84,2.32,3.0,2.0
303,0,1,3,1,0,1,0,0,0,0,28.0,0.0,1,1,1,0.0,10.0,35.0,3.0,4.35,26.0,0.27,2.0,6.0,17.0,1.12,1.0,1.02,6.0,5.0
303,1,1,3,1,0,1,0,0,0,0,28.0,0.0,1,1,1,,12.0,35.0,3.0,5.05,13.0,0.15,2.0,7.0,16.0,1.05,1.05,1.05,5.0,3.0
304,0,0,3,0,0,1,0,0,0,0,50.0,1.0,1,1,1,3.0,10.0,20.0,3.0,4.5,26.0,0.37,2.0,6.0,17.0,1.27,1.27,2.24,5.0,3.0
304,1,0,3,0,0,1,0,0,0,0,50.0,1.0,1,1,1,,10.0,15.0,4.0,5.05,26.0,0.38,1.0,0.0,24.0,1.4,1.29,1.05,5.0,5.0
305,0,0,3,1,0,1,0,0,0,0,,0.0,1,1,1,2.0,0.0,20.0,3.0,4.39,,,2.0,6.0,17.0,1.27,1.27,1.06,5.0,4.0
305,1,0,3,1,0,1,0,0,0,0,,0.0,1,1,1,1.0,5.0,22.0,4.0,5.05,2.0,0.35,1.0,6.0,18.0,1.37,1.31,1.05,5.0,4.0
306,0,0,3,1,0,1,0,0,0,0,,0.0,1,1,1,0.0,15.0,15.0,3.0,,17.0,,2.0,6.0,17.0,1.02,,1.06,4.0,4.0
306,1,0,3,1,0,1,0,0,0,0,,0.0,1,1,1,1.0,6.0,20.0,3.0,5.05,26.0,0.23,2.0,6.0,18.0,1.11,1.05,1.05,,2.0
307,0,0,3,1,0,1,0,0,0,0,90.0,0.0,1,1,1,0.0,17.5,17.5,4.0,4.25,15.0,0.5,2.0,6.0,18.0,1.19,1.19,1.06,5.0,5.0
307,1,0,3,1,0,1,0,0,0,0,90.0,0.0,1,1,1,1.0,25.0,25.0,6.0,5.2,,,2.0,0.0,24.0,1.26,,1.05,5.0,5.0
310,0,1,4,0,0,1,0,0,0,0,61.0,0.0,1,1,1,2.0,0.0,28.0,4.0,4.25,13.0,0.25,2.0,10.5,11.5,0.91,0.91,1.94,2.0,1.0
310,1,1,4,0,0,1,0,0,0,0,61.0,0.0,1,1,1,,3.0,23.0,3.0,5.05,26.0,0.3,2.0,10.5,11.5,0.97,0.9,2.06,2.0,2.0
311,0,1,4,0,0,1,0,0,0,0,78.0,0.0,1,1,1,2.0,0.0,30.0,4.0,,26.0,0.32,2.0,10.5,11.5,0.91,0.91,1.06,2.0,2.0
311,1,1,4,0,0,1,0,0,0,0,78.0,0.0,1,1,1,,35.0,30.0,3.0,5.05,,0.2,2.0,10.5,11.5,1.01,0.95,1.05,2.0,2.0
312,0,0,1,0,0,0,1,1,0,0,100.0,0.0,1,1,1,3.0,4.0,6.0,3.0,4.25,10.0,0.22,1.0,8.0,11.0,1.22,1.06,0.93,3.0,1.0
312,1,0,1,0,0,0,1,1,0,0,100.0,0.0,1,1,1,,3.0,2.0,3.0,5.05,4.0,0.25,1.0,9.0,10.0,1.26,1.05,1.02,3.0,1.0
313,0,0,1,0,0,0,1,1,0,0,80.0,0.0,1,1,1,0.0,11.0,9.0,4.0,4.5,4.0,0.25,1.0,7.0,15.0,1.06,0.93,0.94,3.0,2.0
313,1,0,1,0,0,0,1,1,0,0,80.0,0.0,1,1,1,,0.0,30.0,,5.05,8.0,0.25,1.0,7.0,15.0,1.0,1.01,0.89,3.0,3.0
314,0,0,1,0,0,0,1,1,0,0,80.0,0.0,1,1,1,8.0,8.0,12.0,3.0,4.62,4.0,0.25,1.0,7.0,15.0,1.06,0.95,0.91,3.0,2.0
314,1,0,1,0,0,0,1,1,0,0,80.0,0.0,1,1,1,,15.0,6.0,4.0,5.25,13.0,0.15,1.0,6.0,16.0,1.05,0.74,0.94,3.0,3.0
315,0,1,1,0,0,0,0,1,0,0,65.0,0.0,1,1,1,0.0,5.0,19.0,2.0,,4.0,0.25,3.0,7.0,16.0,1.0,0.85,0.88,3.0,2.0
315,1,1,1,0,0,0,0,1,0,0,65.0,0.0,1,1,1,,4.5,20.0,2.0,5.05,8.0,0.08,2.0,7.0,16.0,1.05,0.84,0.87,3.0,2.0
316,0,0,1,1,0,0,1,1,0,0,10.0,1.0,1,1,1,0.0,15.0,15.0,3.0,4.62,8.0,0.25,2.0,7.0,16.0,1.06,0.92,0.87,3.0,2.0
316,1,0,1,1,0,0,1,1,0,0,10.0,1.0,1,1,1,,12.0,14.0,3.0,5.05,26.0,0.15,2.0,7.0,16.0,1.05,0.94,0.94,,
317,0,0,1,0,0,0,1,1,0,0,100.0,0.0,1,1,1,3.0,0.0,8.0,2.0,4.25,13.0,0.17,1.0,8.0,12.0,1.22,0.93,0.96,3.0,1.0
317,1,0,1,0,0,0,1,1,0,0,100.0,0.0,1,1,1,1.0,4.0,0.0,3.0,5.05,8.0,0.13,1.0,8.0,10.5,1.26,1.05,1.05,2.0,1.0
318,0,1,2,0,0,0,1,1,0,0,36.0,1.0,1,1,1,3.0,5.0,7.0,3.0,4.75,13.0,0.25,2.0,11.0,12.0,1.23,0.98,2.61,3.0,3.0
318,1,1,2,0,0,0,1,1,0,0,36.0,1.0,1,1,1,,7.0,6.0,4.0,5.05,13.0,0.5,1.0,10.5,11.5,1.11,0.95,2.59,3.0,3.0
319,0,1,2,0,0,0,1,1,0,0,,1.0,1,1,1,2.0,0.0,11.0,3.0,4.62,2.5,0.12,2.0,10.5,12.5,1.06,0.85,3.95,,
319,1,1,2,0,0,0,1,1,0,0,,1.0,1,1,1,,22.0,4.0,3.0,5.05,13.0,0.25,1.0,10.5,11.5,0.95,0.9,2.43,4.0,3.0
320,0,1,2,0,0,0,1,1,0,0,0.0,0.0,1,1,1,0.0,5.0,9.0,2.0,5.0,13.0,0.12,2.0,11.0,12.0,1.12,0.8,2.45,4.0,4.0
320,1,1,2,0,0,0,1,1,0,0,0.0,0.0,1,1,1,,4.0,6.0,3.0,5.05,,,1.0,11.0,11.0,1.05,0.84,2.43,4.0,3.0
321,0,0,2,0,0,0,1,1,0,0,10.0,0.0,1,1,1,0.0,3.0,14.0,3.0,5.0,,0.25,2.0,10.5,12.5,1.12,0.85,2.45,4.0,2.0
321,1,0,2,0,0,0,1,1,0,0,10.0,0.0,1,1,1,2.0,4.0,11.0,2.0,5.05,13.0,0.15,1.0,11.0,12.0,1.05,0.84,2.43,4.0,3.0
322,0,0,3,1,0,0,1,1,0,0,25.0,0.0,1,1,1,0.0,8.0,13.0,4.0,4.75,13.0,0.15,2.0,6.0,16.0,1.06,1.06,1.02,6.0,2.0
322,1,0,3,1,0,0,1,1,0,0,25.0,0.0,1,1,1,1.0,12.0,5.0,4.0,5.05,13.0,,2.0,7.0,15.0,0.96,1.01,0.94,6.0,3.0
324,0,0,3,0,0,0,0,1,0,0,0.0,1.0,1,1,2,2.0,20.0,46.0,5.0,5.25,26.0,0.2,2.0,0.0,24.0,1.18,1.06,,5.0,2.0
324,1,0,3,0,0,0,0,1,0,0,0.0,1.0,1,1,2,4.0,22.0,39.0,5.0,5.05,52.0,0.25,2.0,0.0,24.0,1.22,1.05,1.05,5.0,2.0
325,0,0,3,1,0,0,1,1,0,0,50.0,0.0,1,1,1,0.0,4.0,15.0,4.0,4.5,10.0,0.25,2.0,6.0,15.0,1.09,1.06,0.79,6.0,3.0
325,1,0,3,1,0,0,1,1,0,0,50.0,0.0,1,1,1,,1.0,15.0,3.0,5.05,26.0,0.1,2.0,7.0,15.0,1.02,1.01,1.01,6.0,3.0
326,0,0,3,1,0,0,1,1,0,0,7.0,0.0,1,1,1,3.0,18.0,45.0,5.0,5.15,11.0,0.15,2.0,0.0,24.0,1.26,0.99,,4.0,3.0
326,1,0,3,1,0,0,1,1,0,0,7.0,0.0,1,1,1,1.0,0.0,45.0,4.0,5.05,,,2.0,0.0,24.0,1.22,,1.05,4.0,2.0
330,0,1,4,0,0,0,1,1,0,0,0.0,0.0,1,1,1,0.0,4.0,16.0,3.0,5.42,13.0,0.12,1.0,10.5,15.5,1.01,0.86,0.95,2.0,2.0
330,1,1,4,0,0,0,1,1,0,0,0.0,0.0,1,1,1,,3.0,20.0,3.0,5.67,52.0,0.25,1.0,10.5,14.5,0.94,0.79,1.26,2.0,2.0
333,0,0,1,0,1,0,0,0,0,0,100.0,0.0,1,1,1,0.0,2.0,16.5,4.0,4.25,13.0,0.2,2.0,7.0,15.0,1.02,0.88,0.82,4.0,
333,1,0,1,0,1,0,0,0,0,0,100.0,0.0,1,1,1,,3.0,20.0,3.0,5.05,13.0,0.18,2.0,7.0,15.0,1.04,0.87,0.87,3.0,3.0
334,0,0,1,0,0,0,0,1,0,0,0.0,,1,1,1,0.0,10.0,10.0,3.0,5.0,4.0,0.17,3.0,9.0,12.5,0.91,0.91,0.91,3.0,3.0
334,1,0,1,0,0,0,0,1,0,0,0.0,,1,1,1,,0.0,20.0,3.0,5.05,26.0,0.18,3.0,9.0,12.5,0.9,0.9,0.85,3.0,2.0
335,0,0,1,1,0,0,0,1,0,0,100.0,0.0,1,1,1,0.0,9.0,10.0,3.0,,13.0,0.17,1.0,6.0,17.0,1.06,0.92,0.92,5.0,2.0
335,1,0,1,1,0,0,0,1,0,0,100.0,0.0,1,1,1,3.0,7.0,13.0,3.0,5.05,26.0,0.13,1.0,6.0,17.0,1.05,0.94,0.94,5.0,2.0
336,0,0,1,0,0,0,0,1,0,0,80.0,0.0,1,1,1,2.0,28.0,12.0,4.0,4.5,4.0,0.2,2.0,7.0,15.0,1.02,0.91,0.93,3.0,2.0
336,1,0,1,0,0,0,0,1,0,0,80.0,0.0,1,1,1,,10.0,20.0,5.0,5.05,6.0,0.2,2.0,6.0,16.0,0.95,1.05,0.94,3.0,3.0
337,0,0,1,1,0,0,0,1,0,0,90.0,0.0,1,1,1,0.0,5.0,29.5,5.0,4.87,,0.3,3.0,7.0,17.0,1.06,0.93,0.93,4.0,3.0
337,1,0,1,1,0,0,0,1,0,0,90.0,0.0,1,1,1,,25.0,5.0,3.0,5.05,26.0,,2.0,7.0,17.0,,,,,
339,0,0,1,1,0,0,0,1,0,0,70.0,1.0,1,1,1,2.0,18.0,6.0,2.0,4.25,26.0,0.37,3.0,7.0,16.0,1.06,0.85,0.95,3.0,3.0
339,1,0,1,1,0,0,0,1,0,0,70.0,1.0,1,1,1,,5.0,9.0,2.0,5.05,13.0,0.25,1.0,7.0,16.0,0.95,0.95,0.95,3.0,3.0
340,0,0,1,0,0,0,0,1,0,0,30.0,0.0,1,1,1,3.0,6.0,30.0,3.0,4.25,26.0,0.1,2.0,7.5,14.5,0.96,0.95,0.85,5.0,4.0
340,1,0,1,0,0,0,0,1,0,0,30.0,0.0,1,1,1,,15.0,17.0,2.0,5.05,8.0,0.15,2.0,6.0,16.0,1.05,0.84,0.84,5.0,4.0
341,0,0,2,1,0,0,0,1,0,0,33.0,0.0,1,1,1,0.0,2.0,7.0,2.0,4.62,4.0,0.25,1.0,11.0,9.5,0.95,0.74,2.34,3.0,3.0
341,1,0,2,1,0,0,0,1,0,0,33.0,0.0,1,1,1,,3.0,7.0,3.0,5.05,,,1.0,11.0,11.0,0.9,0.84,2.32,4.0,2.0
343,0,0,2,1,0,0,0,1,0,0,43.0,0.0,1,1,1,0.0,10.0,6.0,2.0,4.75,26.0,0.25,2.0,11.0,10.5,0.95,0.74,2.34,4.0,3.0
343,1,0,2,1,0,0,0,1,0,0,43.0,0.0,1,1,1,4.0,4.0,11.0,2.0,5.05,6.0,0.15,2.0,11.0,12.0,0.95,0.85,2.32,4.0,3.0
346,0,0,2,1,0,0,0,1,0,0,,0.0,1,1,1,0.0,2.0,10.5,2.0,4.25,19.0,0.2,2.0,11.0,10.0,0.95,,,4.0,3.0
346,1,0,2,1,0,0,0,1,0,0,,0.0,1,1,1,,3.0,12.0,3.0,,,,1.0,11.0,11.0,0.85,,,,
348,0,0,3,1,1,0,0,0,0,0,75.0,,1,3,2,0.0,3.0,10.5,3.0,4.25,13.0,0.2,2.0,10.5,10.5,1.02,1.06,0.95,3.0,2.0
348,1,0,3,1,1,0,0,0,0,0,75.0,,1,3,2,1.0,0.0,0.0,0.0,,,,,,,,,,,
349,0,0,3,1,0,0,0,1,0,0,10.0,0.0,1,1,1,1.0,2.5,27.0,5.0,5.0,6.0,0.15,2.0,6.0,16.0,1.12,0.91,0.95,3.0,3.0
349,1,0,3,1,0,0,0,1,0,0,10.0,0.0,1,1,1,,0.0,20.0,4.0,5.05,4.0,0.18,2.0,7.0,15.0,1.01,1.01,0.94,3.0,3.0
350,0,0,3,1,0,0,0,1,0,0,60.0,0.0,1,1,1,0.0,8.0,9.0,4.0,4.75,13.0,0.37,2.0,6.0,16.0,1.06,0.91,1.12,5.0,
350,1,0,3,1,0,0,0,1,0,0,60.0,0.0,1,1,1,1.0,5.0,20.0,2.0,5.05,13.0,0.23,2.0,6.0,17.0,1.01,1.01,0.89,5.0,4.0
351,0,0,3,1,0,0,0,1,0,0,,0.0,1,1,1,1.0,2.0,27.5,3.0,4.25,,,2.0,6.0,16.0,1.02,0.9,0.95,4.0,3.0
351,1,0,3,1,0,0,0,1,0,0,,0.0,1,1,1,2.0,10.0,20.0,4.0,5.05,52.0,0.53,2.0,6.0,16.0,1.01,1.01,0.73,4.0,2.0
352,0,0,3,1,0,1,0,0,0,0,50.0,,1,5,2,0.0,0.0,19.0,4.0,4.75,8.0,0.25,2.0,10.0,11.5,1.12,0.91,0.99,2.0,2.0
352,1,0,3,1,0,1,0,0,0,0,50.0,,1,5,2,9.0,,,,,,,,,,0.95,0.95,0.89,,
353,0,0,3,1,0,0,0,1,0,0,90.0,0.0,1,1,2,0.0,7.5,22.5,3.0,4.37,13.0,0.22,2.0,6.0,16.0,1.07,0.85,0.95,5.0,3.0
353,1,0,3,1,0,0,0,1,0,0,90.0,0.0,1,1,2,4.0,,31.0,4.0,5.05,28.0,,2.0,6.0,16.0,1.01,1.01,0.89,3.0,3.0
354,0,1,4,0,0,0,0,1,0,0,10.0,0.0,1,1,1,3.0,14.0,7.0,3.0,5.06,4.0,0.25,1.0,10.5,10.5,0.95,0.86,0.95,2.0,2.0
354,1,1,4,0,0,0,0,1,0,0,10.0,0.0,1,1,1,,9.0,7.0,3.0,5.05,13.0,0.23,1.0,10.5,10.5,1.0,0.85,0.94,2.0,2.0
355,0,1,4,0,1,0,0,0,0,0,100.0,0.0,1,1,1,0.0,2.0,17.0,3.0,4.87,26.0,0.15,1.0,10.5,11.5,0.95,0.92,0.95,2.0,2.0
355,1,1,4,0,1,0,0,0,0,0,100.0,0.0,1,1,1,,3.0,17.0,2.0,,,,1.0,10.5,11.5,1.0,0.85,0.89,2.0,2.0
356,0,1,4,0,0,0,0,1,0,0,0.0,1.0,1,1,1,3.0,11.5,10.0,4.0,5.05,13.0,,1.0,10.5,11.5,0.95,0.8,1.06,2.0,2.0
356,1,1,4,0,0,0,0,1,0,0,0.0,1.0,1,1,1,,0.0,28.0,4.0,5.05,17.0,0.15,1.0,10.5,11.5,1.0,0.85,1.05,2.0,2.0
357,0,0,4,0,0,1,0,0,0,0,100.0,0.0,1,1,1,1.0,4.5,20.0,3.0,5.0,16.0,0.2,1.0,10.5,11.5,0.95,0.86,0.95,2.0,2.0
357,1,0,4,0,0,1,0,0,0,0,100.0,0.0,1,1,1,,21.0,6.0,3.0,5.25,13.0,0.25,1.0,10.5,12.5,1.0,0.84,2.35,2.0,2.0
359,0,0,1,1,0,0,0,1,0,0,100.0,0.0,1,1,1,1.0,0.0,22.0,4.0,4.25,26.0,0.17,2.0,7.0,15.0,1.02,0.85,0.82,3.0,3.0
359,1,0,1,1,0,0,0,1,0,0,100.0,0.0,1,1,1,,0.0,26.0,4.0,5.05,26.0,0.25,2.0,7.0,16.0,1.05,0.87,0.82,3.0,2.0
360,0,1,1,0,0,0,0,1,0,0,100.0,0.0,1,1,1,0.0,3.0,25.0,2.0,4.25,13.0,0.15,2.0,7.0,15.0,1.06,0.84,0.89,3.0,3.0
360,1,1,1,0,0,0,0,1,0,0,100.0,0.0,1,1,1,,5.0,32.0,7.0,5.05,4.0,0.25,2.0,7.0,16.0,1.05,0.87,0.82,3.0,3.0
361,0,0,1,0,0,0,0,1,0,0,100.0,0.0,1,1,1,0.0,6.0,13.0,5.0,4.25,26.0,0.22,2.0,7.0,16.0,1.02,0.91,0.85,3.0,3.0
361,1,0,1,0,0,0,0,1,0,0,100.0,0.0,1,1,1,,4.0,23.0,6.0,5.05,26.0,0.18,2.0,7.0,16.0,0.9,0.93,0.92,3.0,2.0
362,0,1,2,0,0,0,0,1,0,0,100.0,0.0,1,1,1,0.0,6.0,13.0,,4.25,13.0,0.66,2.0,10.5,12.5,1.06,0.81,2.45,5.0,3.0
362,1,1,2,0,0,0,0,1,0,0,100.0,0.0,1,1,1,,24.0,4.0,4.0,5.05,13.0,0.18,1.0,10.5,12.5,1.05,0.84,2.43,5.0,3.0
363,0,0,2,0,0,0,0,1,0,0,75.0,0.0,1,1,1,2.0,0.0,25.0,3.0,4.25,18.0,0.18,2.0,10.5,12.5,1.06,0.8,2.45,4.0,3.0
363,1,0,2,0,0,0,0,1,0,0,75.0,0.0,1,1,1,,14.0,7.0,2.0,5.2,4.0,0.13,2.0,10.5,12.5,1.01,0.8,2.43,4.0,4.0
364,0,1,2,0,0,0,0,1,0,0,,0.0,1,1,1,3.0,3.5,20.0,3.0,4.25,13.0,0.12,2.0,11.0,12.0,0.95,0.85,2.45,4.0,4.0
364,1,1,2,0,0,0,0,1,0,0,,0.0,1,1,1,,1.0,30.0,4.0,5.05,52.0,0.25,1.0,10.5,12.5,1.05,0.84,2.43,5.0,3.0
366,0,0,3,0,0,0,0,1,0,0,50.0,0.0,1,1,1,3.0,2.0,17.0,3.0,4.5,13.0,0.25,2.0,10.5,11.5,1.02,0.91,0.63,5.0,4.0
366,1,0,3,0,0,0,0,1,0,0,50.0,0.0,1,1,1,1.0,1.0,19.0,4.0,5.05,13.0,0.25,2.0,10.5,11.5,1.01,0.9,0.63,4.0,3.0
368,0,0,4,0,0,0,0,1,0,0,20.0,0.0,1,1,1,1.0,0.0,20.0,3.0,4.25,13.0,0.15,3.0,10.5,12.5,0.89,0.86,0.95,2.0,1.0
368,1,0,4,0,0,0,0,1,0,0,20.0,0.0,1,1,1,,0.0,25.0,2.0,5.05,19.0,0.15,1.0,10.5,11.5,1.0,0.85,0.95,2.0,2.0
369,0,0,1,1,0,1,0,0,0,0,87.0,,1,3,2,1.0,0.0,15.0,4.0,4.35,18.0,0.12,2.0,7.0,15.0,1.17,1.06,1.17,3.0,2.0
369,1,0,1,1,0,1,0,0,0,0,87.0,,1,3,2,,0.0,0.0,0.0,,,,,,,,,,,
370,0,0,1,0,0,1,0,0,0,0,80.0,1.0,1,1,1,0.0,20.0,11.5,3.3,4.85,18.0,0.25,3.0,7.0,16.0,1.06,0.95,0.95,3.0,2.0
370,1,0,1,0,0,1,0,0,0,0,80.0,1.0,1,1,1,,26.0,5.0,3.0,5.05,,0.1,3.0,7.0,16.0,,,,3.0,2.0
371,0,0,1,0,0,1,0,0,0,0,100.0,0.0,1,1,1,0.0,12.0,23.0,4.0,5.0,13.0,0.15,2.0,7.0,16.0,1.06,1.02,0.95,3.0,3.0
371,1,0,1,0,0,1,0,0,0,0,100.0,0.0,1,1,1,,11.0,22.0,5.0,5.25,26.0,,3.0,7.0,16.0,,,,4.0,2.0
372,0,1,1,1,0,1,0,0,0,0,30.0,0.0,1,1,1,2.0,0.0,45.0,5.0,,26.0,0.15,3.0,6.5,19.0,1.1,0.95,1.1,4.0,
372,1,1,1,1,0,1,0,0,0,0,30.0,0.0,1,1,1,1.0,30.0,20.0,5.0,5.05,8.0,0.08,2.0,6.5,18.5,1.06,1.05,1.04,4.0,3.0
373,0,0,1,1,0,1,0,0,0,0,100.0,1.0,1,1,1,0.0,14.0,12.0,4.0,5.0,4.0,0.25,2.0,6.5,15.5,1.01,0.95,1.03,6.0,3.0
373,1,0,1,1,0,1,0,0,0,0,100.0,1.0,1,1,1,,18.0,15.0,4.0,5.05,13.0,0.25,2.0,6.5,15.5,1.1,0.94,1.02,6.0,5.0
375,0,1,1,0,0,1,0,0,0,0,0.0,1.0,1,1,1,3.0,25.0,10.0,4.0,5.25,26.0,0.25,1.0,7.0,15.0,1.02,0.8,,4.0,2.0
375,1,1,1,0,0,1,0,0,0,0,0.0,1.0,1,1,1,1.0,0.0,25.0,4.0,5.5,26.0,0.1,1.0,7.0,15.0,1.05,0.94,1.01,3.0,3.0
376,0,0,1,0,0,1,0,0,0,0,,1.0,1,1,1,3.0,4.0,10.0,4.0,4.5,13.0,0.1,2.0,8.0,14.0,0.95,0.95,0.96,8.0,4.0
376,1,0,1,0,0,1,0,0,0,0,,1.0,1,1,1,2.0,0.0,17.0,3.0,5.05,15.0,0.2,2.0,8.0,14.0,1.26,1.01,1.0,3.0,3.0
377,0,1,1,0,0,1,0,0,0,0,90.0,0.0,1,1,1,3.0,12.0,6.0,3.0,4.25,26.0,0.15,2.0,8.0,14.0,1.06,0.95,0.95,3.0,2.0
377,1,1,1,0,0,1,0,0,0,0,90.0,0.0,1,1,1,,11.0,12.0,3.0,5.05,26.0,0.2,2.0,8.0,14.0,1.05,0.95,0.94,3.0,1.0
378,0,0,1,1,0,1,0,0,0,0,,1.0,1,1,1,4.0,10.0,8.0,4.0,5.0,52.0,0.1,2.0,6.5,18.5,1.1,0.96,1.1,5.0,5.0
378,1,0,1,1,0,1,0,0,0,0,,1.0,1,1,1,,20.0,15.0,4.0,5.05,52.0,0.25,2.0,6.0,19.0,1.05,0.99,1.03,6.0,4.0
379,0,0,1,0,0,1,0,0,0,0,30.0,1.0,1,1,1,0.0,20.0,12.0,4.0,4.62,26.0,0.17,3.0,7.0,16.0,1.06,1.06,0.95,3.0,2.0
379,1,0,1,0,0,1,0,0,0,0,30.0,1.0,1,1,1,1.0,28.0,6.0,3.0,5.05,52.0,0.15,1.0,7.0,16.0,1.06,1.06,1.06,3.0,2.0
380,0,0,1,0,0,1,0,0,0,0,50.0,0.0,1,1,1,0.0,10.0,15.0,3.0,4.5,52.0,0.2,3.0,7.0,16.0,1.06,0.95,0.95,3.0,2.0
380,1,0,1,0,0,1,0,0,0,0,50.0,0.0,1,1,1,,15.0,14.0,3.0,5.05,26.0,0.13,1.0,7.0,16.0,1.05,0.94,0.94,3.0,2.0
381,0,1,1,0,0,1,0,0,0,0,0.0,1.0,1,1,1,0.0,10.0,20.0,4.0,5.0,13.0,0.5,2.0,6.5,16.5,1.27,1.17,1.1,4.0,2.0
381,1,1,1,0,0,1,0,0,0,0,0.0,1.0,1,1,1,,15.0,15.0,5.0,5.05,8.0,0.47,2.0,6.5,16.5,1.37,1.16,1.16,4.0,2.0
383,0,0,1,0,0,1,0,0,0,0,30.0,0.0,1,1,1,3.0,6.0,4.0,2.0,4.5,26.0,0.25,1.0,7.0,16.0,1.15,0.95,0.95,2.0,2.0
383,1,0,1,0,0,1,0,0,0,0,30.0,0.0,1,1,1,2.0,7.0,2.0,2.0,5.05,26.0,0.38,1.0,7.0,16.0,1.16,1.01,1.05,2.0,2.0
384,0,0,1,0,0,1,0,0,0,0,,0.0,1,1,1,3.0,,,3.0,4.65,26.0,0.25,2.0,7.0,16.0,1.06,0.95,0.95,3.0,2.0
384,1,0,1,0,0,1,0,0,0,0,,0.0,1,1,1,,0.0,30.0,3.0,5.05,26.0,0.1,3.0,7.0,16.0,1.05,1.05,0.89,3.0,2.0
385,0,1,1,0,0,1,0,0,0,0,25.0,0.0,1,1,2,2.0,16.0,14.0,3.0,4.25,,0.15,1.0,7.0,17.0,,,,3.0,2.0
385,1,1,1,0,0,1,0,0,0,0,25.0,0.0,1,1,2,4.0,15.0,14.0,3.0,5.05,28.0,0.1,2.0,7.0,17.0,1.16,1.22,0.41,3.0,3.0
386,0,0,1,0,0,1,0,0,0,0,,0.0,1,1,1,0.0,0.0,19.0,3.0,4.25,39.0,0.25,1.0,7.0,17.0,1.06,0.95,0.95,3.0,2.0
386,1,0,1,0,0,1,0,0,0,0,,0.0,1,1,1,,14.0,10.0,4.0,5.05,26.0,0.25,1.0,7.0,17.0,1.05,0.95,0.95,4.0,2.0
391,0,0,2,0,0,1,0,0,0,0,12.0,0.0,1,1,1,3.0,15.0,5.0,2.0,4.25,6.0,0.12,2.0,11.0,10.0,1.06,1.06,2.66,3.0,3.0
391,1,0,2,0,0,1,0,0,0,0,12.0,0.0,1,1,1,2.0,12.0,7.0,2.0,5.05,,,2.0,11.0,10.0,1.05,1.05,2.64,4.0,3.0
393,0,0,2,1,0,1,0,0,0,0,100.0,1.0,1,1,1,4.0,4.0,10.0,3.0,4.62,2.0,0.25,2.0,11.0,11.0,1.17,1.27,2.77,3.0,2.0
393,1,0,2,1,0,1,0,0,0,0,100.0,1.0,1,1,1,3.0,18.0,4.0,3.0,5.25,13.0,0.25,1.0,11.0,11.0,1.16,1.26,2.75,3.0,2.0
396,0,0,3,1,0,1,0,0,0,0,10.0,0.0,1,1,1,1.0,24.0,16.0,4.0,4.87,9.0,0.37,2.0,6.0,17.0,1.27,1.07,2.13,5.0,3.0
396,1,0,3,1,0,1,0,0,0,0,10.0,0.0,1,1,1,,8.0,30.0,3.0,5.4,26.0,0.1,2.0,7.0,16.0,1.11,1.05,1.05,5.0,3.0
397,0,0,3,1,0,1,0,0,0,0,85.0,0.0,1,1,2,2.0,4.0,28.0,3.0,4.25,52.0,0.62,2.0,6.0,17.0,1.12,1.02,1.06,4.0,3.0
397,1,0,3,1,0,1,0,0,0,0,85.0,0.0,1,1,2,9.0,6.0,15.0,3.0,5.05,52.0,0.24,2.0,6.0,17.0,1.17,1.06,2.11,4.0,3.0
398,0,0,3,1,0,1,0,0,0,0,25.0,0.0,1,1,2,1.0,14.0,13.0,4.0,4.75,13.0,0.15,2.0,6.0,17.0,1.12,1.06,1.06,5.0,4.0
398,1,0,3,1,0,1,0,0,0,0,25.0,0.0,1,1,2,2.0,25.0,15.0,3.0,5.05,28.0,,2.0,6.0,17.0,1.11,1.06,1.05,5.0,3.0
399,0,1,3,1,0,1,0,0,0,0,,0.0,1,1,1,0.0,13.0,8.0,3.0,4.87,18.0,0.3,2.0,6.0,17.0,1.27,1.04,1.12,7.0,3.0
399,1,1,3,1,0,1,0,0,0,0,,0.0,1,1,1,,18.0,18.0,4.0,5.05,26.0,0.23,2.0,7.0,16.0,1.26,1.08,1.05,7.0,4.0
400,0,0,3,1,0,1,0,0,0,0,50.0,0.0,1,1,1,0.0,16.0,15.0,3.0,4.5,39.0,0.5,3.0,6.0,17.0,1.2,1.06,1.06,5.0,5.0
400,1,0,3,1,0,1,0,0,0,0,50.0,0.0,1,1,1,,8.0,24.0,3.0,5.05,41.0,0.15,2.0,7.0,16.0,1.17,1.01,1.05,5.0,3.0
401,0,1,3,0,0,1,0,0,0,0,18.0,0.0,1,1,1,0.0,8.0,6.0,4.0,4.25,13.0,0.17,2.0,7.0,16.0,1.12,1.02,1.02,6.0,4.0
401,1,1,3,0,0,1,0,0,0,0,18.0,0.0,1,1,1,2.0,5.0,27.0,4.0,5.05,26.0,0.15,2.0,6.0,16.0,1.12,1.05,1.05,6.0,4.0
402,0,0,3,1,0,1,0,0,0,0,20.0,0.0,1,1,1,2.0,11.0,10.0,3.0,4.75,26.0,0.25,2.0,6.0,16.0,1.12,1.02,1.06,4.0,2.0
402,1,0,3,1,0,1,0,0,0,0,20.0,0.0,1,1,1,,17.0,5.0,2.0,5.05,26.0,0.13,2.0,7.0,15.0,1.11,1.05,1.05,4.0,1.0
403,0,0,3,1,0,1,0,0,0,0,10.0,1.0,1,1,1,2.0,13.0,31.0,,5.05,26.0,0.15,2.0,6.0,18.0,1.09,1.12,1.06,5.0,4.0
403,1,0,3,1,0,1,0,0,0,0,10.0,1.0,1,1,1,3.0,11.0,23.0,3.0,5.05,13.0,,2.0,7.0,16.0,1.11,1.06,1.05,4.0,4.0
405,0,0,3,1,0,1,0,0,0,0,57.0,0.0,1,1,1,3.0,6.0,17.0,3.0,4.32,26.0,0.12,2.0,6.0,17.0,1.12,1.02,1.06,7.0,4.0
405,1,0,3,1,0,1,0,0,0,0,57.0,0.0,1,1,1,,1.5,15.0,3.0,5.05,26.0,0.15,2.0,7.0,16.0,1.12,1.01,1.05,6.0,3.0
406,0,0,4,1,0,1,0,0,0,0,0.0,,1,1,1,0.0,12.0,35.0,4.0,5.0,,0.32,1.0,10.5,11.5,1.02,,2.14,2.0,2.0
406,1,0,4,1,0,1,0,0,0,0,0.0,,1,1,1,,17.0,22.0,4.0,5.5,13.0,,1.0,10.5,12.5,0.84,0.94,1.99,2.0,2.0
409,0,0,1,0,0,1,0,0,0,0,0.0,0.0,1,1,1,0.0,3.0,60.0,2.0,5.0,39.0,,1.0,7.0,15.0,1.19,0.87,0.95,3.0,3.0
409,1,0,1,0,0,1,0,0,0,0,0.0,0.0,1,1,1,2.0,0.0,15.0,3.0,5.05,,,1.0,7.0,15.0,1.09,1.04,1.01,3.0,3.0
410,0,0,1,0,0,1,0,0,0,0,,1.0,1,1,1,0.0,0.0,35.0,3.0,4.25,26.0,0.1,3.0,7.0,16.0,1.04,1.12,1.02,4.0,3.0
410,1,0,1,0,0,1,0,0,0,0,,1.0,1,1,1,,0.0,35.0,3.0,5.05,26.0,0.1,2.0,7.0,16.0,1.19,0.98,1.01,4.0,3.0
411,0,0,1,0,0,1,0,0,0,0,100.0,1.0,1,1,1,1.0,0.0,36.0,3.0,4.5,26.0,0.1,2.0,7.0,16.0,1.16,1.02,1.09,5.0,4.0
411,1,0,1,0,0,1,0,0,0,0,100.0,1.0,1,1,1,,4.0,36.0,3.0,5.05,4.0,0.13,2.0,7.0,16.0,1.15,1.01,1.01,5.0,4.0
412,0,0,2,0,1,0,0,0,0,0,18.0,0.0,1,1,1,0.0,0.0,17.0,2.0,4.5,,0.37,1.0,11.0,11.0,1.06,1.02,2.34,5.0,2.0
412,1,0,2,0,1,0,0,0,0,0,18.0,0.0,1,1,1,,0.0,13.0,2.0,5.05,,,1.0,11.0,11.0,1.15,1.05,2.64,5.0,3.0
413,0,0,1,0,0,1,0,0,0,0,100.0,1.0,1,1,1,0.0,0.0,36.0,5.0,4.25,9.0,0.5,1.0,6.0,17.0,1.12,1.02,1.06,4.0,3.0
413,1,0,1,0,0,1,0,0,0,0,100.0,1.0,1,1,1,,0.0,20.0,3.0,5.05,26.0,0.13,1.0,7.0,17.0,1.11,1.01,1.05,4.0,2.0
414,0,0,1,0,0,1,0,0,0,0,45.0,1.0,1,1,1,0.0,0.0,36.0,5.0,4.25,26.0,,1.0,7.0,16.0,1.06,0.95,1.11,4.0,2.0
414,1,0,1,0,0,1,0,0,0,0,45.0,1.0,1,1,1,,13.0,9.0,4.0,5.05,26.0,0.38,3.0,7.0,16.0,1.15,0.95,1.13,4.0,3.0
415,0,1,1,0,0,1,0,0,0,0,65.0,0.0,1,1,1,0.0,8.0,32.0,5.0,4.25,9.0,,2.0,7.0,16.0,1.06,0.91,0.98,5.0,3.0
415,1,1,1,0,0,1,0,0,0,0,65.0,0.0,1,1,1,,0.0,38.0,4.0,5.05,52.0,,2.0,7.0,16.0,1.05,0.9,1.04,4.0,2.0
417,0,1,1,1,0,1,0,0,0,0,90.0,1.0,1,1,1,0.0,4.0,28.0,3.0,4.25,13.0,0.2,2.0,7.0,16.0,1.05,0.94,1.07,4.0,4.0
417,1,1,1,1,0,1,0,0,0,0,90.0,1.0,1,1,1,,13.0,17.0,4.0,5.05,26.0,0.15,3.0,7.0,16.0,1.11,1.09,1.0,3.0,2.0
418,0,1,1,0,0,1,0,0,0,0,10.0,0.0,1,1,1,2.0,30.0,15.0,4.0,4.25,26.0,0.1,2.0,8.0,15.0,1.02,1.01,0.52,4.0,3.0
418,1,1,1,0,0,1,0,0,0,0,10.0,0.0,1,1,1,,0.0,35.0,4.0,5.05,26.0,0.15,2.0,7.0,16.0,1.03,0.9,0.59,3.0,3.0
419,0,0,2,1,0,1,0,0,0,0,15.0,0.0,1,1,2,4.0,3.0,10.0,4.0,4.25,,0.5,2.0,11.0,11.0,1.06,0.85,2.34,4.0,4.0
419,1,0,2,1,0,1,0,0,0,0,15.0,0.0,1,1,2,4.0,5.0,5.0,2.0,5.05,,,1.0,11.0,11.0,1.05,0.84,2.53,4.0,3.0
421,0,0,2,1,0,1,0,0,0,0,10.0,0.0,1,1,1,3.0,20.0,10.0,8.0,4.62,4.0,0.37,2.0,10.5,13.0,1.06,0.85,2.34,4.0,2.0
421,1,0,2,1,0,1,0,0,0,0,10.0,0.0,1,1,1,3.0,25.0,7.0,8.0,5.05,4.0,1.0,2.0,10.5,13.0,1.05,0.84,2.32,4.0,2.0
422,0,0,2,0,0,1,0,0,0,0,,0.0,1,1,1,2.0,0.0,7.0,3.0,4.75,,0.25,2.0,10.0,11.0,1.06,0.85,2.34,4.0,2.0
422,1,0,2,0,0,1,0,0,0,0,,0.0,1,1,1,2.0,5.0,10.0,6.0,5.05,,,1.0,11.0,11.0,1.01,0.84,2.32,4.0,4.0
423,0,1,2,1,0,1,0,0,0,0,33.0,0.0,1,1,1,3.0,2.0,10.0,2.0,4.95,13.0,0.5,1.0,11.0,12.0,1.06,0.85,2.34,3.0,2.0
423,1,1,2,1,0,1,0,0,0,0,33.0,0.0,1,1,1,1.0,19.0,3.5,3.0,5.25,13.0,0.5,1.0,11.0,11.0,1.05,0.84,2.32,3.0,2.0
424,0,0,2,1,0,1,0,0,0,0,45.0,0.0,1,1,1,0.0,3.5,6.5,3.0,4.75,13.0,0.25,1.0,11.0,11.0,1.06,0.85,2.34,5.0,3.0
424,1,0,2,1,0,1,0,0,0,0,45.0,0.0,1,1,1,1.0,12.0,3.0,4.0,5.25,19.0,0.5,1.0,11.0,14.0,1.05,0.94,2.32,5.0,3.0
426,0,0,3,1,0,1,0,0,0,0,75.0,1.0,1,1,1,0.0,3.0,33.0,5.0,4.25,26.0,0.15,2.0,5.0,19.0,1.18,1.02,1.06,5.0,3.0
426,1,0,3,1,0,1,0,0,0,0,75.0,1.0,1,1,1,,5.0,25.0,3.0,5.05,19.0,0.25,2.0,6.0,18.0,1.11,1.05,1.05,6.0,5.0
427,0,0,4,0,0,1,0,0,0,0,40.0,1.0,1,1,2,3.0,7.0,8.0,3.0,4.75,13.0,0.1,2.0,10.5,12.5,1.06,0.98,2.03,2.0,2.0
427,1,0,4,0,0,1,0,0,0,0,40.0,1.0,1,1,2,4.0,0.0,35.0,3.0,5.05,,,2.0,10.5,12.5,1.11,1.09,2.07,2.0,2.0
428,0,0,4,0,0,1,0,0,0,0,100.0,0.0,1,1,1,2.0,0.0,33.0,3.0,4.62,13.0,0.12,2.0,10.5,12.5,1.06,0.98,1.06,2.0,2.0
428,1,0,4,0,0,1,0,0,0,0,100.0,0.0,1,1,1,,10.0,24.0,3.0,5.14,13.0,0.1,2.0,10.5,12.5,1.05,0.89,2.11,2.0,2.0
430,0,0,1,0,0,0,0,0,1,0,44.0,0.0,0,1,1,0.0,20.0,25.0,4.0,4.25,13.0,0.15,2.0,7.0,15.0,0.95,0.75,0.8,3.0,3.0
430,1,0,1,0,0,0,0,0,1,0,44.0,0.0,0,1,1,,0.0,48.0,3.0,4.25,26.0,0.13,2.0,7.0,16.0,0.91,0.73,0.75,3.0,3.0
432,0,0,1,0,0,0,0,0,1,0,75.0,0.0,0,1,1,0.0,20.0,55.0,5.0,4.5,17.0,0.15,2.0,7.0,16.0,0.94,0.74,0.79,4.0,3.0
432,1,0,1,0,0,0,0,0,1,0,75.0,0.0,0,1,1,1.0,25.0,10.0,4.0,5.05,26.0,0.2,2.0,7.0,16.0,0.94,0.74,0.79,3.0,1.0
433,0,0,1,0,0,0,0,0,1,0,75.0,0.0,0,1,2,0.0,10.0,30.0,4.0,4.25,13.0,0.15,2.0,7.0,16.0,0.95,0.73,0.8,3.0,3.0
433,1,0,1,0,0,0,0,0,1,0,75.0,0.0,0,1,2,6.0,0.0,42.0,4.0,,,,2.0,7.0,16.0,0.94,0.74,0.74,3.0,3.0
434,0,0,1,0,0,0,0,0,1,0,77.0,0.0,0,1,1,2.0,15.0,50.0,5.0,4.25,6.0,0.25,2.0,7.0,16.0,0.95,0.75,,3.0,3.0
434,1,0,1,0,0,0,0,0,1,0,77.0,0.0,0,1,1,,19.0,29.0,4.0,4.25,,,2.0,7.0,16.0,0.95,0.8,0.8,3.0,3.0
435,0,1,1,0,0,0,0,0,1,0,25.0,1.0,0,1,1,1.0,1.0,37.5,3.0,4.25,4.0,0.17,2.0,6.5,15.5,0.95,0.75,0.79,3.0,3.0
435,1,1,1,0,0,0,0,0,1,0,25.0,1.0,0,1,1,,0.0,32.0,5.0,4.25,6.0,0.15,2.0,6.5,15.5,0.94,0.74,0.79,3.0,2.0
438,0,0,2,0,0,0,0,0,1,0,11.0,0.0,0,1,1,2.0,0.0,9.0,3.0,4.25,52.0,0.07,2.0,11.0,8.0,1.01,0.84,2.43,2.0,1.0
438,1,0,2,0,0,0,0,0,1,0,11.0,0.0,0,1,1,,2.0,9.0,3.0,4.25,52.0,0.05,2.0,11.0,9.0,0.95,0.84,2.43,2.0,1.0
440,0,0,4,0,0,0,0,0,1,0,100.0,0.0,0,1,1,2.0,0.0,25.0,3.0,4.25,19.0,0.15,2.0,10.5,11.5,0.89,0.79,2.01,2.0,2.0
440,1,0,4,0,0,0,0,0,1,0,100.0,0.0,0,1,1,,0.0,30.0,3.0,,,,2.0,10.5,11.5,1.0,0.8,1.8,2.0,2.0
441,0,1,4,0,0,0,0,0,1,0,100.0,0.0,0,1,1,2.0,30.0,10.0,3.0,4.25,4.0,0.25,2.0,10.5,11.5,0.89,0.77,0.84,2.0,2.0
441,1,1,4,0,0,0,0,0,1,0,100.0,0.0,0,1,1,,0.0,30.0,3.0,4.25,4.0,0.25,2.0,10.5,11.5,1.0,0.8,1.81,2.0,2.0
443,0,0,4,0,0,0,0,0,1,0,95.0,0.0,0,1,1,0.0,4.0,19.0,4.0,4.25,4.0,0.25,2.0,10.5,11.5,0.89,0.79,1.8,2.0,2.0
443,1,0,4,0,0,0,0,0,1,0,95.0,0.0,0,1,1,,5.0,20.0,4.0,4.35,17.0,0.18,2.0,10.5,11.5,1.0,0.8,1.81,2.0,2.0
444,0,0,4,0,0,0,0,0,1,0,,0.0,0,1,1,2.0,12.0,20.0,3.0,4.25,19.0,0.37,2.0,10.5,12.5,0.89,0.8,0.84,2.0,2.0
444,1,0,4,0,0,0,0,0,1,0,,0.0,0,1,1,,10.0,35.0,4.0,4.5,4.0,0.3,2.0,10.5,11.5,0.89,,0.79,2.0,2.0
445,0,0,1,0,0,0,0,0,0,1,0.0,0.0,0,1,1,0.0,50.0,35.0,3.0,5.0,26.0,0.1,2.0,6.0,18.0,1.04,0.88,0.94,3.0,3.0
445,1,0,1,0,0,0,0,0,0,1,0.0,0.0,0,1,1,,15.0,18.0,5.0,4.75,26.0,0.15,2.0,6.0,18.0,1.04,0.86,0.94,3.0,3.0
446,0,0,1,0,0,0,0,0,0,1,50.0,1.0,0,1,1,2.0,,,3.0,4.5,4.0,0.25,2.0,6.0,18.0,1.03,0.84,0.94,,
446,1,0,1,0,0,0,0,0,0,1,50.0,1.0,0,1,1,,7.0,24.0,4.0,5.0,4.0,0.25,2.0,6.0,18.0,0.97,0.84,0.91,4.0,3.0
448,0,1,1,0,0,0,0,0,0,1,78.0,0.0,0,1,1,0.0,8.0,18.0,4.0,4.75,4.0,0.25,2.0,6.0,18.0,0.97,0.84,0.91,3.0,3.0
448,1,1,1,0,0,0,0,0,0,1,78.0,0.0,0,1,1,1.0,8.0,27.0,3.0,4.5,13.0,0.25,2.0,6.0,18.0,0.96,0.83,0.87,3.0,3.0
449,0,0,1,0,0,0,0,0,0,1,3.0,0.0,0,1,1,2.0,0.0,25.0,3.0,4.87,3.5,,2.0,6.0,18.0,,,,4.0,4.0
449,1,0,1,0,0,0,0,0,0,1,3.0,0.0,0,1,1,,15.0,15.0,5.0,5.0,52.0,0.25,2.0,6.0,18.0,0.97,0.84,0.73,3.0,3.0
450,0,0,1,0,0,0,0,0,0,1,50.0,1.0,0,1,1,0.0,2.0,21.0,3.0,4.75,13.0,0.15,2.0,6.5,16.5,0.97,0.82,0.84,3.0,3.0
450,1,0,1,0,0,0,0,0,0,1,50.0,1.0,0,1,1,2.0,27.5,8.0,3.0,4.75,13.0,0.25,2.0,6.0,18.0,0.91,0.84,0.86,3.0,3.0
451,0,0,1,0,0,0,0,0,0,1,0.0,0.0,0,1,1,0.0,10.0,17.0,5.0,5.0,52.0,0.25,2.0,0.0,24.0,1.05,0.84,0.96,6.0,4.0
451,1,0,1,0,0,0,0,0,0,1,0.0,0.0,0,1,1,2.0,26.0,9.0,6.0,5.0,26.0,0.2,2.0,0.0,24.0,1.11,0.84,0.94,6.0,3.0
454,0,0,2,1,0,0,0,0,0,1,,0.0,0,1,1,0.0,1.0,9.0,3.0,4.5,4.0,0.15,2.0,11.0,10.0,0.94,0.73,2.53,4.0,3.0
454,1,0,2,1,0,0,0,0,0,1,,0.0,0,1,1,,0.0,18.0,5.0,5.0,13.0,0.25,1.0,11.0,11.0,0.94,0.73,2.64,4.0,3.0
455,0,0,2,1,0,0,0,0,0,1,0.0,0.0,0,1,1,0.0,2.0,8.0,5.0,5.25,13.0,0.25,1.0,11.0,10.0,0.73,0.73,2.32,2.0,2.0
455,1,0,2,1,0,0,0,0,0,1,0.0,0.0,0,1,1,,3.0,12.0,2.0,5.0,13.0,0.25,2.0,11.0,11.0,0.94,0.84,2.32,4.0,3.0
458,0,0,2,1,0,0,0,0,1,0,0.0,0.0,0,1,1,2.0,2.0,10.0,2.0,5.0,19.0,0.15,1.0,11.0,10.0,0.94,0.73,2.32,4.0,4.0
458,1,0,2,1,0,0,0,0,1,0,0.0,0.0,0,1,1,1.0,2.0,9.0,2.0,5.0,13.0,0.25,1.0,11.0,10.5,0.9,0.73,2.32,4.0,3.0
459,0,0,3,1,0,0,0,0,0,1,,1.0,0,1,2,0.0,5.0,20.0,3.0,4.25,13.0,0.37,2.0,6.0,16.0,1.05,0.9,0.94,5.0,
459,1,0,3,1,0,0,0,0,0,1,,1.0,0,1,2,1.0,0.0,20.0,5.0,4.35,28.0,0.15,2.0,7.0,15.0,1.01,1.01,0.89,4.0,2.0
462,0,1,3,1,0,0,0,0,0,1,5.0,0.0,0,1,2,0.0,2.5,20.0,3.0,5.0,13.0,0.37,2.0,9.0,12.5,1.05,1.01,1.11,4.0,4.0
462,1,1,3,1,0,0,0,0,0,1,5.0,0.0,0,1,2,1.0,1.0,25.0,4.0,4.75,13.0,0.2,2.0,9.0,12.0,1.01,1.01,0.89,6.0,3.0
466,0,1,4,0,0,0,0,0,0,1,65.0,0.0,0,1,1,2.0,8.0,17.5,4.0,4.75,17.0,0.3,3.0,10.5,11.5,0.94,0.8,0.94,2.0,2.0
466,1,1,4,0,0,0,0,0,0,1,65.0,0.0,0,1,1,5.0,14.0,12.0,3.0,,52.0,,1.0,10.5,11.5,0.94,,,2.0,2.0
468,0,0,1,0,0,0,0,0,0,1,0.0,1.0,0,1,1,0.0,40.0,30.0,3.0,5.0,13.0,0.17,2.0,6.0,18.0,0.95,0.94,0.95,4.0,3.0
468,1,0,1,0,0,0,0,0,0,1,0.0,1.0,0,1,1,,9.0,32.0,4.0,5.0,26.0,0.13,2.0,6.0,18.0,0.97,0.84,0.86,4.0,3.0
469,0,0,1,0,0,0,0,0,0,1,80.0,0.0,0,1,1,0.0,8.0,27.0,5.0,5.0,39.0,0.25,2.0,6.0,18.0,0.92,0.72,0.96,3.0,2.0
469,1,0,1,0,0,0,0,0,0,1,80.0,0.0,0,1,1,1.0,7.0,39.0,4.0,4.5,41.0,0.23,2.0,6.0,18.0,0.92,0.81,0.87,3.0,3.0
470,0,0,1,0,0,0,0,0,0,1,0.0,1.0,0,1,1,0.0,10.5,30.0,3.0,5.5,,0.3,2.0,6.0,18.0,0.97,0.84,0.94,3.0,3.0
470,1,0,1,0,0,0,0,0,0,1,0.0,1.0,0,1,1,2.0,18.0,10.0,3.0,4.75,13.0,0.15,2.0,6.0,18.0,1.03,0.84,0.94,3.0,2.0
471,0,0,1,0,0,0,0,0,0,1,50.0,0.0,0,1,1,2.0,25.0,20.0,4.0,4.25,26.0,,2.0,6.0,18.0,0.97,0.84,0.91,2.0,2.0
471,1,0,1,0,0,0,0,0,0,1,50.0,0.0,0,1,1,,12.0,23.0,3.0,4.25,26.0,0.15,2.0,6.0,18.0,0.97,0.86,0.91,3.0,1.0
472,0,0,1,0,0,0,0,0,0,1,80.0,0.0,0,1,1,2.0,37.5,2.0,3.0,4.25,52.0,,2.0,6.5,16.5,0.97,1.05,0.91,3.0,3.0
472,1,0,1,0,0,0,0,0,0,1,80.0,0.0,0,1,1,,8.0,25.0,3.0,4.9,13.0,0.18,2.0,6.0,17.0,0.96,0.84,0.91,3.0,3.0
473,0,1,1,0,0,0,0,0,0,1,50.0,0.0,0,1,1,0.0,5.0,27.0,4.0,4.75,26.0,0.5,2.0,6.0,17.0,0.97,0.86,0.89,3.0,2.0
473,1,1,1,0,0,0,0,0,0,1,50.0,0.0,0,1,1,1.0,26.0,15.0,2.0,4.5,19.0,0.13,2.0,6.0,17.0,0.97,0.84,0.86,3.0,3.0
474,0,0,1,0,0,0,0,0,0,1,0.0,0.0,0,1,2,2.0,6.0,9.0,3.0,5.0,26.0,0.37,2.0,9.0,12.5,1.13,0.98,1.01,3.0,1.0
474,1,0,1,0,0,0,0,0,0,1,0.0,0.0,0,1,2,1.0,5.0,20.0,3.0,4.5,,0.0,2.0,8.5,13.0,1.09,0.94,0.94,3.0,2.0
475,0,0,1,0,0,0,0,0,0,1,60.0,0.0,0,1,1,1.0,25.0,8.0,3.0,4.5,,,1.0,7.0,15.0,1.02,0.89,0.9,3.0,3.0
475,1,0,1,0,0,0,0,0,0,1,60.0,0.0,0,1,1,,10.0,16.0,3.0,4.5,26.0,0.15,1.0,7.0,15.0,1.02,0.94,0.9,3.0,3.0
476,0,0,1,0,0,0,0,0,1,0,60.0,0.0,0,1,1,2.0,6.0,30.0,3.0,4.25,52.0,0.12,2.0,6.0,18.0,0.95,0.79,0.91,3.0,3.0
476,1,0,1,0,0,0,0,0,1,0,60.0,0.0,0,1,1,1.0,5.0,30.0,3.0,4.75,52.0,0.2,2.0,6.0,18.0,0.96,0.84,1.18,3.0,3.0
477,0,1,1,0,0,0,0,0,0,1,50.0,0.0,0,1,1,1.0,8.0,28.0,4.0,4.25,39.0,0.12,2.0,6.5,16.5,0.97,0.78,0.99,3.0,3.0
477,1,1,1,0,0,0,0,0,0,1,50.0,0.0,0,1,1,,6.0,20.0,4.0,6.25,26.0,0.5,2.0,6.0,17.0,0.96,0.84,0.89,3.0,3.0
478,0,0,1,0,0,0,0,0,1,0,30.0,0.0,0,1,2,0.0,32.0,25.0,4.0,4.5,13.0,0.22,2.0,6.0,19.0,0.97,0.86,0.91,3.0,3.0
478,1,0,1,0,0,0,0,0,1,0,30.0,0.0,0,1,2,1.0,8.0,30.0,4.0,4.35,13.0,0.25,2.0,6.0,18.0,1.01,0.88,0.91,3.0,2.0
481,0,1,2,1,0,0,0,0,0,1,0.0,1.0,0,1,1,2.0,5.0,17.5,3.0,5.25,26.0,0.25,3.0,11.0,10.0,0.95,0.74,2.53,5.0,4.0
481,1,1,2,1,0,0,0,0,0,1,0.0,1.0,0,1,1,2.0,15.0,4.0,3.0,5.0,26.0,0.25,2.0,11.0,11.0,0.74,0.73,2.53,3.0,3.0
483,0,1,2,1,0,0,0,0,0,1,0.0,0.0,0,1,1,0.0,1.0,15.0,1.0,5.0,13.0,0.07,2.0,11.0,10.0,0.94,0.73,2.32,4.0,3.0
483,1,1,2,1,0,0,0,0,0,1,0.0,0.0,0,1,1,,4.0,13.0,3.0,4.75,13.0,0.18,1.0,11.0,11.0,0.95,0.74,2.33,4.0,3.0
485,0,0,2,1,0,0,0,0,0,1,80.0,0.0,0,1,1,2.0,1.0,9.0,3.0,4.5,26.0,0.37,2.0,11.0,10.0,0.95,0.74,2.33,4.0,3.0
485,1,0,2,1,0,0,0,0,0,1,80.0,0.0,0,1,1,,4.0,12.0,3.0,4.5,19.0,,2.0,11.0,11.0,1.01,0.73,2.32,4.0,3.0
487,0,1,3,1,0,0,0,0,0,1,0.0,0.0,0,1,1,0.0,10.0,6.0,2.0,5.0,13.0,0.17,2.0,10.0,11.5,1.11,0.91,0.95,6.0,3.0
487,1,1,3,1,0,0,0,0,0,1,0.0,0.0,0,1,1,,6.0,20.0,3.0,4.75,26.0,0.1,2.0,10.5,11.0,1.05,1.01,0.94,6.0,1.0
488,0,1,3,0,0,0,0,0,0,1,0.0,0.0,0,1,1,1.0,20.0,13.0,3.0,5.0,13.0,0.25,2.0,6.0,16.0,1.05,0.79,1.01,5.0,5.0
488,1,1,3,0,0,0,0,0,0,1,0.0,0.0,0,1,1,,5.0,15.0,3.0,4.75,26.0,0.13,2.0,7.0,15.0,1.01,1.01,0.94,5.0,3.0
489,0,1,3,0,0,0,0,0,0,1,6.0,0.0,0,1,1,2.0,5.0,23.0,2.0,5.0,13.0,0.37,2.0,7.0,14.0,1.05,1.01,0.94,4.0,4.0
489,1,1,3,0,0,0,0,0,0,1,6.0,0.0,0,1,1,2.0,2.0,19.0,3.0,4.25,26.0,0.13,2.0,10.0,11.5,1.01,1.01,1.05,6.0,3.0
490,0,0,3,1,0,0,0,0,0,1,0.0,0.0,0,1,1,0.0,10.0,12.5,4.0,5.0,13.0,0.12,2.0,6.0,16.0,1.05,1.01,1.05,4.0,4.0
490,1,0,3,1,0,0,0,0,0,1,0.0,0.0,0,1,1,1.0,2.0,18.0,3.0,5.0,26.0,0.28,2.0,6.0,16.0,1.01,1.01,1.05,5.0,3.0
491,0,0,3,0,0,0,0,0,0,1,100.0,,0,3,2,0.0,4.0,25.0,2.0,4.5,13.0,0.37,2.0,8.5,13.0,1.05,0.91,0.95,3.0,2.0
491,1,0,3,0,0,0,0,0,0,1,100.0,,0,3,2,3.0,0.0,0.0,0.0,,,,,,,,,,,
492,0,0,3,1,0,0,0,0,0,1,75.0,0.0,0,1,1,0.0,2.0,16.0,3.0,4.5,13.0,0.25,2.0,9.0,12.5,1.11,1.05,0.94,2.0,1.0
492,1,0,3,1,0,0,0,0,0,1,75.0,0.0,0,1,1,,4.0,15.0,2.0,4.5,19.0,0.1,2.0,9.0,12.5,1.11,1.11,1.05,2.0,1.0
493,0,0,3,1,0,0,0,0,1,0,0.0,0.0,0,1,1,0.0,27.0,12.0,3.0,5.0,26.0,0.25,2.0,6.0,16.0,1.05,0.9,2.01,6.0,3.0
493,1,0,3,1,0,0,0,0,1,0,0.0,0.0,0,1,1,,0.0,30.0,4.0,4.9,13.0,0.25,2.0,6.0,16.0,1.02,1.01,0.84,3.0,3.0
495,0,0,3,0,0,0,0,0,0,1,2.0,1.0,0,1,1,2.0,4.0,28.0,3.0,5.0,26.0,0.25,2.0,7.0,15.0,1.05,1.01,0.94,3.0,3.0
495,1,0,3,0,0,0,0,0,0,1,2.0,1.0,0,1,1,,8.0,20.0,3.0,5.0,26.0,0.25,2.0,6.0,16.0,0.96,1.01,1.01,5.0,3.0
496,0,1,3,1,0,0,0,0,0,1,0.0,0.0,0,1,1,0.0,10.0,15.0,3.0,5.0,13.0,0.17,2.0,6.0,16.0,1.05,0.9,0.73,5.0,3.0
496,1,1,3,1,0,0,0,0,0,1,0.0,0.0,0,1,1,,10.0,10.0,3.0,4.75,19.0,0.18,2.0,6.0,16.0,1.01,1.01,0.89,,
497,0,1,4,1,0,0,0,0,0,1,37.0,0.0,0,1,1,0.0,12.0,15.0,3.0,4.5,13.0,0.15,2.0,10.0,12.0,0.91,0.84,0.84,2.0,2.0
497,1,1,4,1,0,0,0,0,0,1,37.0,0.0,0,1,1,,,,5.0,,,,2.0,10.0,12.0,1.01,0.9,0.79,2.0,2.0
498,0,1,4,1,0,0,0,0,0,1,75.0,1.0,0,1,1,2.0,20.0,10.0,3.0,4.75,26.0,0.1,2.0,10.0,12.0,0.91,0.84,0.85,2.0,2.0
498,1,1,4,1,0,0,0,0,0,1,75.0,1.0,0,1,1,2.0,21.0,5.5,3.0,5.0,26.0,,2.0,10.0,12.0,0.98,0.84,0.9,2.0,2.0
499,0,1,4,1,0,0,0,0,0,1,11.0,1.0,0,1,1,0.0,0.0,28.0,5.0,5.0,26.0,0.07,2.0,10.0,12.0,0.9,0.69,1.75,2.0,2.0
499,1,1,4,1,0,0,0,0,0,1,11.0,1.0,0,1,1,1.0,0.0,31.0,5.0,5.0,26.0,0.1,2.0,10.0,12.0,0.9,0.69,0.94,2.0,2.0
501,0,1,1,0,0,0,0,0,0,1,63.0,1.0,0,1,1,0.0,14.0,15.0,3.0,4.25,4.0,0.37,2.0,6.5,16.5,0.84,0.84,0.94,3.0,3.0
501,1,1,1,0,0,0,0,0,0,1,63.0,1.0,0,1,1,2.0,30.0,15.0,6.0,4.75,4.0,0.35,1.0,6.0,18.0,1.03,0.91,0.91,3.0,3.0
503,0,0,1,0,0,0,0,0,0,1,100.0,0.0,0,1,1,2.0,7.5,14.0,4.0,4.75,,0.12,2.0,6.5,16.5,0.97,0.84,0.91,3.0,3.0
503,1,0,1,0,0,0,0,0,0,1,100.0,0.0,0,1,1,,35.0,6.5,3.0,4.5,13.0,0.15,2.0,6.0,18.0,0.97,0.84,1.0,3.0,3.0
506,0,0,2,1,0,0,0,0,1,0,30.0,,0,1,1,0.0,3.0,7.0,2.0,,13.0,0.37,2.0,11.0,10.0,0.95,0.74,2.33,3.0,3.0
506,1,0,2,1,0,0,0,0,1,0,30.0,,0,1,1,,3.0,7.0,4.0,5.0,19.0,0.25,1.0,11.0,11.0,0.95,0.74,2.33,4.0,3.0
509,0,0,3,1,0,0,0,0,0,1,30.0,0.0,0,1,1,2.0,3.0,16.0,3.0,5.0,13.0,0.25,2.0,6.0,16.0,1.05,0.95,1.16,6.0,3.0
509,1,0,3,1,0,0,0,0,0,1,30.0,0.0,0,1,1,,5.5,10.0,3.0,4.25,26.0,0.2,2.0,6.5,15.5,1.0,1.01,0.94,3.0,2.0
510,0,0,3,1,0,0,0,0,0,1,60.0,1.0,0,1,1,0.0,7.0,25.0,4.0,4.25,26.0,0.25,2.0,6.0,16.0,1.05,0.91,1.05,3.0,3.0
510,1,0,3,1,0,0,0,0,0,1,60.0,1.0,0,1,1,2.0,2.5,17.5,3.0,,13.0,,2.0,7.0,15.0,1.05,1.01,,5.0,3.0
511,0,0,3,1,0,0,0,0,0,1,75.0,0.0,0,1,1,0.0,4.0,16.0,3.0,4.75,9.0,0.15,2.0,6.0,16.5,1.01,0.91,1.05,4.0,4.0
511,1,0,3,1,0,0,0,0,0,1,75.0,0.0,0,1,1,,3.0,13.0,3.0,4.75,,,2.0,7.0,15.0,1.01,1.01,0.89,6.0,2.0
514,0,0,3,0,0,0,0,0,0,1,25.0,0.0,0,1,1,0.0,5.0,20.0,3.0,4.5,26.0,0.25,2.0,6.0,16.0,0.94,0.9,0.94,5.0,3.0
514,1,0,3,0,0,0,0,0,0,1,25.0,0.0,0,1,1,1.0,23.0,16.0,3.0,4.25,10.0,0.2,2.0,6.0,16.0,0.95,0.95,1.05,6.0,4.0
515,0,0,3,1,0,0,0,0,0,1,33.0,0.0,0,1,1,0.0,7.0,16.0,4.0,5.0,13.0,0.2,2.0,6.0,16.0,1.05,0.94,1.16,5.0,3.0
515,1,0,3,1,0,0,0,0,0,1,33.0,0.0,0,1,1,,5.0,19.0,3.0,4.75,13.0,0.18,2.0,6.0,16.0,1.01,1.01,0.94,5.0,4.0
516,0,0,3,1,0,0,0,0,0,1,23.0,1.0,0,1,1,2.0,6.0,22.5,3.0,4.75,13.0,0.12,3.0,6.0,16.0,1.05,0.91,1.05,4.0,3.0
516,1,0,3,1,0,0,0,0,0,1,23.0,1.0,0,1,1,,2.0,12.0,2.0,4.91,14.0,0.18,2.0,8.0,14.0,1.01,0.95,0.89,5.0,3.0
521,0,1,1,0,0,0,0,0,1,0,50.0,1.0,0,1,1,0.0,2.5,20.0,3.0,4.25,13.0,,2.0,6.5,16.5,,,0.52,4.0,4.0
521,1,1,1,0,0,0,0,0,1,0,50.0,1.0,0,1,1,,0.0,12.0,8.0,4.4,13.0,0.13,2.0,7.0,16.0,0.41,0.84,0.89,4.0,2.0
522,0,0,1,0,0,0,0,0,1,0,75.0,0.0,0,1,1,2.0,2.0,30.0,4.0,4.35,26.0,0.2,3.0,7.0,16.0,1.0,0.87,0.94,3.0,3.0
522,1,0,1,0,0,0,0,0,1,0,75.0,0.0,0,1,1,,3.0,23.0,3.0,4.25,26.0,0.15,3.0,7.0,16.0,1.0,0.74,0.95,3.0,3.0
